ID_EoL,CanonicalName,BinomialName,Order,Family,Genus,Species,Domestication,X1.1_ActivityCycle,X5.1_AdultBodyMass_g,X8.1_AdultForearmLen_mm,X13.1_AdultHeadBodyLen_mm,X2.1_AgeatEyeOpening_d,X3.1_AgeatFirstBirth_d,X18.1_BasalMetRate_mLO2hr,X5.2_BasalMetRateMass_g,X6.1_DietBreadth,X7.1_DispersalAge_d,X9.1_GestationLen_d,X12.1_HabitatBreadth,X22.1_HomeRange_km2,X22.2_HomeRange_Indiv_km2,X14.1_InterbirthInterval_d,X15.1_LitterSize,X16.1_LittersPerYear,X17.1_MaxLongevity_m,X5.3_NeonateBodyMass_g,X13.2_NeonateHeadBodyLen_mm,X21.1_PopulationDensity_n_per_km2,X10.1_PopulationGrpSize,X23.1_SexualMaturityAge_d,X10.2_SocialGrpSize,X24.1_TeatNumber,X12.2_Terrestriality,X6.2_TrophicLevel,X25.1_WeaningAge_d,X5.4_WeaningBodyMass_g,X13.3_WeaningHeadBodyLen_mm,Diet,AVGFoodConsumption,Sociality,SocialHierarchy,NumMales,MaturityReachMale,MaturityReachFemale,MatingSystem,NumOffspring,BreedingInterval,YearRoundBreeding,AVGBodyMass,ParentalCare,DevelopmentStrategy,HeadOrnaments,Lifespan,NaturalPredators,Motility,CarryWeight,PullStrength,AVGMovingSpeed,AVGTravelDistance
328705,Bos frontalis gaurus,Bos_frontalis,Artiodactyla,Bovidae,Bos,frontalis,1,2,800143.05,NA,2700,NA,NA,NA,NA,3,NA,273.75,NA,NA,NA,403.02,1.22,1,314.4,22977.05,NA,0.54,NA,610.97,40,NA,NA,1,186.67,NA,NA,NA,16,2,1,2,18.0822,19.3972,2,1.22,634,1,800,NA,2,0,26,1,NA,160028.61,160028.61,56,78
328700,Bos grunniens mutus,Bos_grunniens,Artiodactyla,Bovidae,Bos,grunniens,1,3,"500,000.00",NA,NA,NA,NA,NA,NA,2,NA,273.75,NA,NA,NA,NA,1,1,267,NA,NA,0.035,NA,755.15,110,NA,NA,1,243.33,NA,NA,4,5.9,2,1,3,84,84,2,1,NA,2,500,2,2,0,25,1,1,"100,000.00","100,000.00",40,50
1037711,Bos javanicus,Bos_javanicus,Artiodactyla,Bovidae,Bos,javanicus,1,2,635974.34,NA,2075,NA,912.5,NA,NA,2,NA,296.78,1,NA,NA,NA,1.22,1,318.96,NA,NA,0.75,21,797.31,40,NA,1,1,287.74,NA,NA,4,12.7,2,1,2,30,30,2,1.22,NA,2,635,2,2,0,26,1,1,127194.868,127194.868,50,44
328699,Bos taurus primigenius,Bos_taurus,Artiodactyla,Bovidae,Bos,taurus,1,3,618642.42,NA,NA,NA,NA,NA,NA,3,NA,280.48,NA,10.04,NA,NA,1,1,240,NA,NA,71,NA,755.15,38,NA,NA,NA,NA,NA,NA,4,17.6,2,1,2,12,12,2,1,NA,1,618,NA,2,0,26,1,1,123728.484,123728.484,40,10.04
311907,Bubalus bubalis arnee,Bubalus_bubalis,Artiodactyla,Bovidae,Bubalus,bubalis,1,2,929500.97,NA,2649.52,NA,NA,NA,NA,2,912.49,320,1,3.63,NA,547.5,1.5,1,339,NA,NA,1.06,NA,755.15,20,NA,1,1,240.31,NA,NA,4,14.8,2,1,3,36,18,2,1.5,365,NA,929,2,1,0,29,1,1,185900.194,185900.194,48,3.63
1038793,Budorcas taxicolor,Budorcas_taxicolor,Artiodactyla,Bovidae,Budorcas,taxicolor,0,2,294515.33,NA,1736,NA,NA,NA,NA,3,NA,235.6,1,NA,NA,365,1.22,NA,234.96,NA,NA,NA,300,928.08,14,4,1,1,118.55,NA,NA,NA,5.88,1,2,1,24,24,NA,1.22,365,NA,294,2,NA,0,19,1,1,58903.066,58903.066,NA,NA
344581,Camelus bactrianus,Camelus_bactrianus,Artiodactyla,Camelidae,Camelus,bactrianus,1,3,554515.91,NA,NA,NA,1460,NA,NA,2,NA,397.99,1,NA,NA,730,1.39,1,480,34346.64,NA,0.06,NA,1330.6,6.2,NA,1,1,368.13,NA,NA,6,10,2,1,2,66,48,2,1.39,730,2,554,2,1,0,19,1,1,110903.182,110903.182,53.5,100
309019,Camelus dromedarius,Camelus_dromedarius,Artiodactyla,Camelidae,Camelus,dromedarius,1,3,492714.47,NA,NA,NA,1651.62,40293,407000,3,NA,386.51,1,196.32,NA,614.41,0.98,1,480,36751.19,NA,0.98,11,1947.94,10,NA,1,1,389.38,NA,NA,4,10,2,2,2,72,36,2,0.98,607,2,492,NA,1,0,40,3,1,98542.894,98542.894,53.5,196.32
328660,Capra hircus aegagrus,Capra_hircus,Artiodactyla,Bovidae,Capra,hircus,1,3,47386.47,NA,NA,NA,669.16,NA,NA,2,NA,156,NA,98.3,47.24,365,1.45,NA,249.6,2136.11,375.56,7.58,NA,498.97,20,3,NA,1,158.04,NA,NA,4,1.4,2,1,1,6.5,12,2,1.45,451,2,47,2,2,0,20,2,1,9477.294,9477.294,17,98.3
328647,Equus africanus,Equus_asinus,Perissodactyla,Equidae,Equus,asinus,1,2,164998.49,NA,NA,NA,866.87,NA,NA,2,NA,367,1,139.69,NA,NA,1,1,564,29249.99,NA,3.06,NA,742.46,4.7,NA,1,NA,NA,32500,NA,4,2.46,2,2,3,33.0411,24,2,1,NA,1,164,2,1,0,47,1,1,32999.698,32999.698,50,139.69
328648,Equus przewalskii,Equus_caballus,Perissodactyla,Equidae,Equus,caballus,1,2,403598.53,NA,NA,0,912.5,NA,NA,1,742.31,338.97,1,15.62,16.32,547.5,1,1,744,37899.99,NA,2.3,NA,834.72,10.5,2,1,1,341.76,NA,NA,4,7.5,2,1,1,72,29.5,2,1,548,2,403,2,1,0,62,1,1,80719.706,80719.706,48,15.62
309018,Lama glama guanicoe,Lama_glama,Artiodactyla,Camelidae,Lama,glama,1,3,78322.67,NA,1595.1,NA,NA,NA,NA,2,NA,342.74,1,NA,NA,NA,1,1,339.6,8999.99,NA,0.45,8,676.66,20,NA,1,1,131.7,29000,NA,4,5,2,1,2,30,30,2,1,NA,1,78,2,1,0,15,1,1,15664.534,15664.534,60,26
311494,Madoqua saltiana,Madoqua_saltiana,Artiodactyla,Bovidae,Madoqua,saltiana,0,2,3424.47,NA,595,NA,NA,NA,NA,2,327.33,182.5,NA,NA,NA,NA,1,NA,168,672.79,NA,NA,NA,253.75,1.5,4,NA,1,41.99,NA,NA,NA,136,2,2,4,NA,NA,NA,1,NA,NA,3.4,NA,2,1,14,2,NA,684.894,684.894,NA,NA
311492,Neotragus batesi,Neotragus_batesi,Artiodactyla,Bovidae,Neotragus,batesi,0,2,2967.45,NA,540,NA,365,NA,NA,4,NA,181.24,1,NA,NA,NA,1,NA,168,499.99,NA,NA,NA,366.52,NA,4,1,1,NA,NA,NA,NA,0.12,1,2,4,NA,NA,NA,1,NA,1,2.96,2,2,1,19,2,NA,593.49,593.49,NA,0.03
328677,Ovis ammon,Ovis_ammon,Artiodactyla,Bovidae,Ovis,ammon,0,3,113998.72,NA,1585,NA,NA,NA,NA,2,NA,165,1,4.59,4.3,365,1.22,NA,180.96,3232.64,NA,0.02,NA,555.47,NA,NA,1,1,76.61,NA,NA,6,4.52,2,1,3,60,18,3,1.22,365,2,113,NA,NA,0,24,1,1,22799.744,22799.744,60,4.59
311906,Ovis aries orientalis,Ovis_aries,Artiodactyla,Bovidae,Ovis,aries,1,3,39097.89,NA,1297.23,NA,730,NA,NA,2,NA,152.54,NA,NA,NA,365,1.19,NA,230.04,2376.24,NA,33,NA,831.62,35,NA,NA,1,182.5,17500,NA,NA,1,2,1,1,30.0493,18.0164,3,1.19,365,2,39,2,2,0,24,2,1,7819.578,7819.578,40,1
1038777,Procapra picticaudata,Procapra_picticaudata,Artiodactyla,Bovidae,Procapra,picticaudata,0,2,23197.67,NA,980,NA,NA,NA,NA,3,NA,182.5,NA,NA,NA,NA,1,NA,NA,NA,NA,NA,NA,NA,NA,NA,NA,NA,NA,NA,NA,NA,0.92,NA,NA,3,NA,NA,NA,1,NA,NA,23,2,NA,1,NA,1,1,4639.534,4639.534,NA,NA
328653,Rangifer tarandus,Rangifer_tarandus,Artiodactyla,Cervidae,Rangifer,tarandus,1,3,109088.5,NA,2224.35,NA,NA,NA,NA,3,NA,222.5,NA,2771.22,2599.89,365,2,NA,242.4,5490.62,NA,2.55,"100,000.00",758.71,2.2,NA,NA,1,136.87,24907.05,NA,4,6,2,2,3,22.3561,16,2,2,365,2,109,2,1,0,20,2,1,21817.7,21817.7,70,2771.22
308523,Rucervus duvaucelii,Rucervus_duvaucelii,Artiodactyla,Cervidae,Rucervus,duvaucelii,0,2,171223.86,NA,1500,NA,1095,NA,NA,2,NA,245,2,14.11,20,NA,1,NA,NA,NA,NA,11.24,401,827.69,64.25,NA,1,1,NA,NA,NA,4,6.84,2,1,1,NA,30,2,1,NA,2,171,2,1,1,20,1,1,34244.772,34244.772,48,14.11
328663,Sus scrofa,Sus_scrofa,Artiodactyla,Suidae,Sus,scrofa,1,2,84471.54,NA,1349.99,NA,312,NA,NA,5,NA,115.2,NA,1.18,5.8,230,4.52,1.5,252,807.77,239.99,3.54,NA,350.76,13,11,NA,2,97.88,6469.99,419.99,NA,3.36,2,2,3,6,10,2,4.52,230,1,84,2,1,0,21,2,1,16894.308,16894.308,48,1.18
328339,Tragulus javanicus,Tragulus_javanicus,Artiodactyla,Tragulidae,Tragulus,javanicus,0,1,1889.93,NA,514.29,NA,NA,872.1,1618,3,NA,158.55,NA,NA,NA,NA,0.98,NA,144,NA,NA,NA,NA,157.32,1,4,NA,1,21,NA,NA,NA,72,NA,2,3,5.4904,5.4904,NA,0.98,NA,1,1.8,2,NA,0,12,2,1,377.986,377.986,NA,0.051
32137235,Tragulus kanchil,Tragulus_kanchil,Artiodactyla,Tragulidae,Tragulus,kanchil,0,2,1850,NA,NA,NA,NA,NA,NA,3,NA,155,NA,NA,NA,NA,NA,NA,NA,NA,NA,NA,NA,NA,NA,NA,NA,NA,NA,NA,NA,NA,74,NA,NA,4,NA,NA,NA,NA,NA,NA,1.85,2,NA,0,NA,2,1,NA,NA,NA,0.55
309016,Vicugna vicugna,Vicugna_vicugna,Artiodactyla,Camelidae,Vicugna,vicugna,1,3,47499.61,NA,1575,NA,1140.62,NA,NA,1,NA,345.45,1,0.12,0.13,547.5,1,1,297.6,6082.92,NA,3.1,NA,941.19,10,NA,1,1,309.89,NA,NA,NA,2,2,2,2,24,24,2,1,548,2,47.4,2,1,0,28,1,1,9499.922,9499.922,65,0.12
331074,Addax nasomaculatus,Addax_nasomaculatus,Artiodactyla,Bovidae,Addax,nasomaculatus,0,1,96077.36,NA,NA,NA,1066.86,NA,NA,5,NA,262.74,1,NA,NA,360,1,NA,308.04,5633.76,NA,NA,61.25,NA,12.62,4,1,1,NA,NA,NA,4,3.84,2,1,1,24,30,NA,1,355,1,96,2,NA,0,25,2,1,19215.472,19215.472,NA,NA
308540,Aepyceros melampus,Aepyceros_melampus,Artiodactyla,Bovidae,Aepyceros,melampus,0,3,52591.69,NA,1420,NA,730,NA,NA,2,NA,196.74,1,1.97,2.36,365,0.98,NA,213,5238.4,NA,13.36,NA,498.97,15.25,4,1,1,150,14563.8,NA,4,2.08,2,1,1,12,18,2,0.98,365,2,52,2,2,1,17,2,1,10518.338,10518.338,88,1.97
308529,Alcelaphus buselaphus,Alcelaphus_buselaphus,Artiodactyla,Bovidae,Alcelaphus,buselaphus,0,3,160937.86,NA,1974.99,NA,927.7,NA,NA,2,NA,242.66,1,2.73,1.59,345.5,1,NA,240,12500,NA,3.65,NA,827.69,20,2,1,1,188.73,47894.46,NA,4,6.4,2,1,1,NA,24,2,1,365,2,160,2,2,0,20,2,1,32187.572,32187.572,80,2.73
4447799,Alcelaphus caama,Alcelaphus_caama,Artiodactyla,Bovidae,Alcelaphus,caama,0,3,176115.97,NA,NA,NA,NA,NA,NA,1,NA,240,NA,NA,NA,NA,NA,NA,183.96,NA,NA,3.18,NA,NA,NA,2,NA,NA,NA,NA,NA,NA,7.04,NA,NA,1,NA,NA,NA,NA,NA,NA,176,2,NA,0,20,2,NA,35223.194,35223.194,60,NA
308535,Alcelaphus lichtensteinii,Alcelaphus_lichtensteinii,Artiodactyla,Bovidae,Alcelaphus,lichtensteinii,0,3,168695.66,NA,NA,NA,730,NA,NA,3,NA,237,1,4.41,NA,365,0.98,NA,NA,15000,NA,1.71,NA,596.29,10,NA,1,1,NA,NA,NA,NA,6.72,NA,NA,2,NA,NA,NA,0.98,365,NA,168,2,NA,0,NA,2,1,33739.132,33739.132,72,4.41
328654,Alces alces,Alces_alces,Artiodactyla,Cervidae,Alces,alces,0,2,461900.76,NA,2930.47,NA,1216.66,NA,NA,1,NA,235,1,71.75,73.26,365,1.25,1.7,324,12999.99,NA,0.4,NA,668.2,1,4,1,1,98.85,86299.96,NA,6,9.22,1,1,4,42,22,2,1.25,365,2,461,2,1,1,27,2,1,92380.152,92380.152,9.6,71.75
2921075,Alces americanus,Alces_americanus,Artiodactyla,Cervidae,Alces,americanus,0,3,541460.44,NA,2097.16,NA,NA,NA,NA,2,NA,245,NA,NA,NA,NA,1,NA,300,13499.99,NA,NA,NA,631.37,NA,NA,NA,1,182.5,NA,NA,4,10.82,1,2,4,24,24,2,1,NA,2,541,2,1,1,27,1,1,108292.088,108292.088,9.6,7.5
308536,Ammodorcas clarkei,Ammodorcas_clarkei,Artiodactyla,Bovidae,Ammodorcas,clarkei,0,3,28049.81,NA,1509.96,NA,NA,NA,NA,2,NA,200,1,NA,NA,NA,1,NA,36,NA,NA,0.73,NA,NA,NA,4,1,NA,NA,NA,NA,4,5.6,1,2,1,15,15,NA,1,NA,2,280,2,2,1,27,2,NA,5609.962,5609.962,NA,NA
328662,Ammotragus lervia,Ammotragus_lervia,Artiodactyla,Bovidae,Ammotragus,lervia,0,2,94202.22,NA,1449.99,NA,407.58,NA,NA,2,NA,156.24,1,7.06,6.62,212.91,1.22,NA,252,4500,NA,NA,NA,507.09,NA,3,1,1,121.66,NA,NA,4,3.76,2,1,2,NA,19,2,1.22,229,2,94,2,NA,0,20,1,1,18840.444,18840.444,55,7.06
308537,Antidorcas marsupialis,Antidorcas_marsupialis,Artiodactyla,Bovidae,Antidorcas,marsupialis,0,2,33571.24,NA,1055,NA,NA,NA,NA,2,NA,169.49,1,NA,NA,365,1,NA,240,3841.48,NA,10.69,3000,331.73,NA,NA,1,1,57.45,NA,NA,NA,1,2,1,1,13.1507,7.0027,NA,1,365,NA,33,2,2,0,19,1,1,6714.248,6714.248,90,NA
328661,Antilocapra americana,Antilocapra_americana,Artiodactyla,Antilocapridae,Antilocapra,americana,0,2,47450.01,NA,1310,NA,365,8960,32000,2,NA,247.99,1,8.05,9.53,365,1.93,1,144,3454.7,NA,0.82,1000,534.68,12,NA,1,1,87.54,9662,NA,4,1.88,2,1,1,24,5,2,1.93,365,2,47,2,1,0,11,1,1,9490.002,9490.002,40,8.05
311909,Antilope cervicapra,Antilope_cervicapra,Artiodactyla,Bovidae,Antilope,cervicapra,0,3,36301.1,NA,1250,NA,669.16,NA,NA,5,NA,166.59,1,0.62,NA,212.56,1.22,2,243,3386.14,NA,4.25,27.5,700.04,30,NA,1,1,59.5,NA,NA,NA,1.44,2,1,2,NA,15.3205,NA,1.22,231,NA,36,2,1,1,21,2,1,7260.22,7260.22,80,0.62
313989,Axis axis,Axis_axis,Artiodactyla,Cervidae,Axis,axis,0,3,69499.99,NA,NA,NA,NA,NA,NA,4,NA,227.49,NA,0.67,2.67,425.83,1.01,NA,249.6,3156.86,NA,6.69,NA,543.68,NA,NA,NA,NA,121.66,NA,NA,4,2.76,2,1,1,30.0164,15.5,NA,1.01,426,2,69,2,NA,1,20,2,1,13899.998,13899.998,65,0.67
308522,Axis calamianensis,Axis_calamianensis,Artiodactyla,Cervidae,Axis,calamianensis,0,3,39812.6,NA,1387.44,NA,NA,NA,NA,2,NA,224,NA,NA,NA,NA,2,NA,NA,NA,NA,NA,NA,NA,NA,NA,NA,NA,NA,NA,NA,NA,1.56,NA,NA,1,NA,NA,NA,2,NA,NA,39,NA,NA,1,20,3,NA,7962.52,7962.52,NA,2.591
308520,Axis kuhlii,Axis_kuhlii,Artiodactyla,Cervidae,Axis,kuhlii,0,3,54999.99,NA,1375,NA,NA,NA,NA,2,NA,227.49,NA,NA,NA,NA,1.22,1.3,NA,NA,NA,4.44,NA,NA,NA,NA,NA,1,NA,NA,NA,NA,2.16,NA,NA,4,NA,NA,NA,1.22,NA,NA,54,2,NA,1,20,2,1,10999.998,10999.998,NA,0.7
308521,Axis porcinus,Axis_porcinus,Artiodactyla,Cervidae,Axis,porcinus,0,2,37448.29,NA,NA,NA,NA,NA,NA,3,NA,220.13,NA,0.52,NA,NA,1,NA,240,2483.33,NA,16.5,NA,464.04,1.8,NA,NA,1,NA,NA,NA,4,1.48,1,2,4,10,10,2,1,NA,2,37,2,1,1,20,1,NA,7489.658,7489.658,NA,0.52
328330,Babyrousa babyrussa,Babyrousa_babyrussa,Artiodactyla,Suidae,Babyrousa,babyrussa,0,3,92950.09,NA,950,NA,NA,NA,NA,6,NA,156.5,1,NA,NA,NA,1.73,1.5,288,715,NA,NA,NA,362.5,4.5,4,1,2,212.91,NA,NA,NA,3.68,NA,2,4,18.0164,18.0164,NA,1.73,NA,NA,92,2,NA,0,24,3,1,18590.018,18590.018,NA,NA
37069574,Babyrousa bolabatuensis,Babyrousa_bolabatuensis,Artiodactyla,Suidae,Babyrousa,bolabatuensis,0,3,80000,NA,NA,NA,NA,NA,NA,NA,NA,NA,NA,NA,NA,NA,NA,NA,NA,NA,NA,NA,NA,NA,NA,NA,NA,NA,NA,NA,NA,NA,NA,NA,NA,2,NA,NA,NA,NA,NA,NA,80,2,NA,0,NA,NA,NA,NA,NA,NA,NA
4445606,Babyrousa celebensis,Babyrousa_celebensis,Artiodactyla,Suidae,Babyrousa,celebensis,0,3,100000,NA,NA,NA,NA,NA,NA,6,NA,160,NA,NA,NA,NA,NA,NA,NA,NA,NA,NA,NA,NA,NA,NA,NA,NA,NA,NA,NA,NA,4,NA,NA,2,NA,NA,NA,NA,NA,NA,100,2,NA,0,NA,3,NA,NA,NA,48,NA
4472391,Babyrousa togeanensis,Babyrousa_togeanensis,Artiodactyla,Suidae,Babyrousa,togeanensis,0,3,100000,NA,NA,NA,NA,NA,NA,3,NA,NA,NA,NA,NA,NA,NA,NA,NA,NA,NA,NA,NA,NA,NA,NA,NA,NA,NA,NA,NA,NA,4,NA,NA,3,NA,NA,NA,NA,NA,NA,100,2,NA,0,NA,1,NA,NA,NA,NA,NA
308533,Beatragus hunteri,Beatragus_hunteri,Artiodactyla,Bovidae,Beatragus,hunteri,0,2,79132.17,NA,1600,NA,NA,NA,NA,1,NA,252.28,1,NA,NA,NA,1,NA,182.04,8350,NA,0.42,NA,NA,13.5,2,1,1,NA,NA,NA,4,3.16,2,1,2,42,30,2,1,NA,2,79,NA,2,0,24,2,1,15826.434,15826.434,NA,4
328109,Bison bison,Bison_bison,Artiodactyla,Bovidae,Bison,bison,0,2,624577.07,NA,2849.24,NA,1095,NA,NA,2,NA,283.17,2,47.39,65.71,399,0.98,1,396,20000,NA,0.28,1000,921.77,30,NA,1,1,287.32,157500,NA,4,12.48,2,1,3,36,30,2,0.98,452,2,624,2,1,0,25,1,1,124915.414,124915.414,57.5,47.39
328110,Bison bonasus,Bison_bonasus,Artiodactyla,Bovidae,Bison,bonasus,0,2,675876.7,NA,2900,NA,1068.38,NA,NA,2,NA,265.99,2,7.91,7.42,638.75,1,1,324,23358.61,NA,0.88,NA,841.82,35,NA,1,1,287.32,NA,NA,4,13.5,2,1,3,24,36,2,1,641,2,675,2,1,0,27,3,1,135175.34,135175.34,65,7.91
308478,Blastocerus dichotomus,Blastocerus_dichotomus,Artiodactyla,Cervidae,Blastocerus,dichotomus,0,2,112518.53,NA,1720,NA,NA,NA,NA,3,NA,272.37,1,NA,NA,NA,0.98,1,NA,4199.99,NA,0.12,NA,NA,3,NA,1,1,NA,NA,NA,NA,4.48,NA,2,2,NA,NA,NA,0.98,NA,NA,112,2,NA,1,NA,1,1,22503.706,22503.706,NA,NA
311908,Boselaphus tragocamelus,Boselaphus_tragocamelus,Artiodactyla,Bovidae,Boselaphus,tragocamelus,0,2,182253.04,NA,2000,NA,912.5,NA,NA,5,NA,248.49,NA,NA,NA,400.5,1.39,NA,260.4,5875,NA,2.39,NA,NA,NA,NA,NA,1,NA,NA,NA,NA,7.28,2,2,1,NA,26.7945,NA,1.39,365,1,182,2,2,1,21,2,1,36450.608,36450.608,48,15.05
328706,Bos sauveli,Bos_sauveli,Artiodactyla,Bovidae,Bos,sauveli,0,2,791321.76,NA,2175,NA,NA,NA,NA,2,NA,255,1,NA,NA,NA,NA,NA,NA,NA,NA,NA,NA,755.15,20,NA,1,1,NA,NA,NA,4,15.82,2,1,1,NA,NA,NA,1,NA,2,791,2,NA,0,NA,3,1,158264.352,158264.352,NA,15
328727,Bubalus depressicornis,Bubalus_depressicornis,Artiodactyla,Bovidae,Bubalus,depressicornis,0,3,256989.27,NA,1728.58,NA,NA,NA,NA,3,NA,295.78,1,NA,NA,NA,1,1,432.96,NA,NA,NA,NA,755.15,1,NA,1,1,NA,NA,NA,6,5.12,1,2,4,24,24,NA,1,NA,1,256,2,NA,0,36,1,1,51397.854,51397.854,NA,1.2
328729,Bubalus mindorensis,Bubalus_mindorensis,Artiodactyla,Bovidae,Bubalus,mindorensis,0,2,254389.74,NA,2199.99,NA,NA,NA,NA,2,1095,306.06,1,NA,NA,1095,1,1,336,NA,NA,NA,11,755.15,1,NA,1,1,NA,NA,NA,4,5.08,1,2,4,NA,NA,NA,1,1095,2,254,2,NA,0,25,3,1,50877.948,50877.948,NA,NA
328730,Bubalus quarlesi,Bubalus_quarlesi,Artiodactyla,Bovidae,Bubalus,quarlesi,0,3,181718.86,NA,1577.97,NA,NA,NA,NA,3,NA,294.99,NA,NA,NA,NA,1,1,270,NA,NA,NA,NA,755.15,1,NA,NA,1,NA,NA,NA,4,7.24,1,2,4,24,24,NA,1,NA,1,181,2,NA,0,25,3,1,36343.772,36343.772,NA,NA
328689,Capra caucasica,Capra_caucasica,Artiodactyla,Bovidae,Capra,caucasica,0,2,58149.52,NA,NA,NA,NA,NA,NA,2,NA,155,NA,NA,NA,NA,1.09,NA,264,NA,NA,NA,NA,1015,NA,3,NA,NA,NA,NA,NA,NA,2.32,2,1,3,NA,NA,NA,1.09,NA,NA,58,NA,2,0,40,1,1,11629.904,11629.904,NA,NA
328691,Capra falconeri,Capra_falconeri,Artiodactyla,Bovidae,Capra,falconeri,0,3,54303.37,NA,1590,NA,730,NA,NA,2,NA,167.98,1,NA,NA,NA,1.73,NA,168,NA,NA,NA,11,1015,NA,NA,1,1,167.29,NA,NA,6,2.16,1,1,3,36,24,2,1.73,NA,2,54,2,NA,0,12,2,1,10860.674,10860.674,17,NA
328692,Capra ibex,Capra_ibex,Artiodactyla,Bovidae,Capra,ibex,0,2,69546.83,NA,NA,NA,912.5,NA,NA,2,NA,167.5,1,NA,NA,547.5,1.11,NA,267.6,2779.07,NA,NA,NA,838.54,NA,3,1,1,111.75,15683.39,NA,6,2.76,1,1,3,10,10,2,1.11,489,2,69,2,2,0,20,2,1,13909.366,13909.366,NA,14.9
328693,Capra nubiana,Capra_nubiana,Artiodactyla,Bovidae,Capra,nubiana,0,2,47763.72,NA,NA,NA,NA,NA,NA,4,NA,150,NA,NA,NA,NA,1,NA,204,NA,NA,NA,NA,NA,NA,NA,NA,NA,NA,NA,NA,4,1.88,2,1,3,54,24,2,1,NA,2,47,2,1,0,20,2,1,9552.744,9552.744,NA,7.75
328694,Capra pyrenaica,Capra_pyrenaica,Artiodactyla,Bovidae,Capra,pyrenaica,0,2,60898.77,NA,1200,NA,NA,NA,NA,2,NA,150,NA,0.64,0.51,NA,1.5,NA,192,NA,NA,NA,NA,NA,NA,3,NA,1,NA,NA,NA,6,2.4,2,1,3,27,27,2,1.5,NA,2,60,NA,2,0,20,1,1,12179.754,12179.754,NA,0.64
328695,Capra sibirica,Capra_sibirica,Artiodactyla,Bovidae,Capra,sibirica,0,2,130000,NA,NA,NA,NA,NA,NA,2,NA,175,NA,NA,NA,NA,NA,NA,267,3640,NA,NA,NA,NA,NA,NA,NA,NA,NA,NA,NA,4,5.2,2,1,3,60,24,2,NA,NA,2,130,2,2,0,20,2,1,26000,26000,NA,NA
328696,Capra walie,Capra_walie,Artiodactyla,Bovidae,Capra,walie,0,2,100144.02,NA,NA,NA,NA,NA,NA,2,NA,157.5,1,NA,NA,NA,1,NA,NA,NA,NA,4.07,NA,NA,NA,NA,1,NA,NA,NA,NA,4,4,2,1,3,12,12,2,1,NA,2,100,2,2,0,NA,1,NA,20028.804,20028.804,NA,1.25
308479,Capreolus capreolus,Capreolus_capreolus,Artiodactyla,Cervidae,Capreolus,capreolus,0,2,22502.01,NA,NA,NA,730,78470,190000,4,NA,196,1,0.52,0.49,365,1.79,NA,204,1208.55,NA,7.61,NA,400.97,NA,NA,1,NA,79.75,NA,NA,NA,1,2,2,3,21.5342,13.5781,NA,1.79,365,NA,22,2,NA,1,15,1,1,4500.402,4500.402,NA,0.52
129573,Capreolus pygargus,Capreolus_pygargus,Artiodactyla,Cervidae,Capreolus,pygargus,0,2,41371.03,NA,1320,NA,NA,NA,NA,3,NA,290,1,0.99,1.06,NA,2,NA,NA,1923.53,NA,80,NA,908.84,NA,NA,1,NA,136.1,NA,NA,NA,1.64,NA,NA,4,NA,NA,NA,2,NA,NA,41,2,NA,1,NA,1,1,8274.206,8274.206,NA,0.99
1038800,Capricornis crispus,Capricornis_crispus,Artiodactyla,Bovidae,Capricornis,crispus,0,2,43030.64,NA,NA,NA,NA,NA,NA,4,1603.59,213,NA,0.11,0.11,547.5,1,1,222.96,3499.99,NA,1.98,NA,988.23,NA,4,NA,NA,59.27,NA,NA,4,1.72,1,2,4,33,33,1,1,5475,2,43,2,2,0,15,1,1,8606.128,8606.128,NA,0.11
7216318,Capricornis milneedwardsii,Capricornis_milneedwardsii,Artiodactyla,Bovidae,Capricornis,milneedwardsii,0,3,130000,NA,NA,NA,NA,NA,NA,2,NA,240,NA,NA,NA,NA,NA,NA,NA,NA,NA,NA,NA,NA,NA,NA,NA,NA,NA,NA,NA,NA,6.4,NA,NA,4,NA,NA,NA,NA,NA,NA,160,2,NA,0,NA,1,NA,NA,NA,NA,NA
7216319,Capricornis rubidus,Capricornis_rubidus,Artiodactyla,Bovidae,Capricornis,rubidus,0,2,130000,NA,NA,NA,NA,NA,NA,3,NA,210,NA,NA,NA,NA,NA,NA,NA,NA,NA,NA,NA,NA,NA,NA,NA,NA,NA,NA,NA,NA,5.4,NA,NA,4,NA,NA,NA,NA,NA,NA,135,2,NA,0,NA,1,NA,NA,NA,NA,NA
1038801,Capricornis sumatraensis,Capricornis_sumatraensis,Artiodactyla,Bovidae,Capricornis,sumatraensis,0,2,110942.22,NA,1449.99,NA,NA,NA,NA,2,NA,231.37,NA,NA,NA,NA,1.22,NA,252,4100,NA,NA,NA,NA,NA,4,NA,1,166.34,NA,NA,4,4.4,1,2,4,NA,NA,NA,1.22,NA,2,110,2,1,0,15,1,1,22188.444,22188.444,NA,0.134
1038802,Capricornis swinhoei,Capricornis_swinhoei,Artiodactyla,Bovidae,Capricornis,swinhoei,0,2,30000,NA,NA,NA,NA,NA,NA,1,NA,210,NA,NA,NA,NA,NA,NA,NA,NA,NA,NA,NA,NA,NA,NA,NA,NA,NA,NA,NA,NA,1,NA,NA,4,NA,NA,NA,NA,NA,NA,25,2,NA,0,NA,1,NA,NA,NA,20,NA
7216320,Capricornis thar,Capricornis_thar,Artiodactyla,Bovidae,Capricornis,thar,0,3,115000,NA,NA,NA,NA,NA,NA,1,NA,210,NA,NA,NA,NA,NA,NA,NA,NA,NA,NA,NA,NA,NA,NA,NA,NA,NA,NA,NA,NA,4.5,NA,NA,4,NA,NA,NA,NA,NA,NA,112.5,2,NA,0,NA,2,NA,NA,NA,NA,1.7
328336,Catagonus wagneri,Catagonus_wagneri,Artiodactyla,Tayassuidae,Catagonus,wagneri,0,3,35566.4,140.59,1025.93,NA,730,NA,NA,6,NA,152.08,1,7,8.03,NA,2.47,NA,108,600.2,NA,9.24,4.5,821.58,5.75,8,1,2,60.37,NA,NA,NA,1.4,NA,2,1,NA,36.0328,NA,2.47,NA,NA,35,2,NA,0,15,1,NA,7113.28,7113.28,NA,7
328701,Cephalophus adersi,Cephalophus_adersi,Artiodactyla,Bovidae,Cephalophus,adersi,0,2,9249.95,NA,690,NA,NA,NA,NA,4,NA,120,1,NA,NA,NA,1,NA,48.96,NA,NA,3.65,1.5,NA,NA,4,1,1,NA,NA,NA,NA,0.36,NA,NA,4,NA,NA,NA,1,NA,NA,9,2,NA,0,15,1,1,1849.99,1849.99,NA,5.18
4447179,Cephalophus brookei,Cephalophus_brookei,Artiodactyla,Bovidae,Cephalophus,brookei,0,NA,NA,NA,NA,NA,NA,NA,NA,4,NA,NA,NA,NA,NA,NA,NA,NA,NA,NA,NA,NA,NA,NA,NA,NA,NA,NA,NA,NA,NA,NA,NA,NA,NA,4,NA,NA,NA,NA,NA,NA,NA,2,NA,0,NA,2,NA,NA,NA,NA,0.1
328702,Cephalophus callipygus,Cephalophus_callipygus,Artiodactyla,Bovidae,Cephalophus,callipygus,0,3,19079.23,NA,1014.28,NA,NA,NA,NA,3,NA,240,1,0.32,0.3,NA,1,NA,NA,2800,NA,NA,NA,NA,NA,4,1,1,NA,NA,NA,NA,1,NA,NA,4,NA,NA,NA,NA,NA,NA,19,2,NA,0,NA,2,1,3815.846,3815.846,NA,0.32
328703,Cephalophus dorsalis,Cephalophus_dorsalis,Artiodactyla,Bovidae,Cephalophus,dorsalis,0,1,20000,NA,849.99,NA,760.41,NA,NA,4,NA,238,1,0.27,0.26,NA,1,NA,204.96,1611.37,NA,NA,NA,547.46,1,4,1,2,NA,NA,NA,NA,0.8,NA,NA,4,NA,NA,NA,1,NA,NA,20,2,NA,0,15,1,1,4000,4000,NA,0.27
328713,Cephalophus jentinki,Cephalophus_jentinki,Artiodactyla,Bovidae,Cephalophus,jentinki,0,1,68489.54,NA,1349.99,NA,NA,NA,NA,4,NA,240,NA,NA,NA,NA,1,NA,210,4581.46,NA,0.1,NA,NA,NA,4,NA,1,NA,NA,NA,NA,2.72,NA,NA,4,NA,NA,NA,1,NA,NA,68,2,NA,0,15,1,1,13697.908,13697.908,NA,NA
328714,Cephalophus leucogaster,Cephalophus_leucogaster,Artiodactyla,Bovidae,Cephalophus,leucogaster,0,3,13208.69,NA,939.32,NA,NA,NA,NA,5,NA,NA,1,NA,NA,NA,1,NA,63.96,NA,NA,NA,NA,NA,NA,4,1,2,NA,NA,NA,NA,0.52,NA,NA,4,NA,NA,NA,1,NA,NA,13,2,NA,0,15,2,1,2641.738,2641.738,NA,0.6
328717,Cephalophus natalensis,Cephalophus_natalensis,Artiodactyla,Bovidae,Cephalophus,natalensis,0,3,12724.51,NA,786.14,NA,NA,NA,NA,4,NA,212.97,1,0.06,0.09,235,1,NA,180,954.89,NA,6.92,NA,NA,2,4,1,1,NA,NA,NA,NA,0,NA,NA,4,NA,NA,NA,1,235,NA,12,2,NA,0,15,2,1,2544.902,2544.902,NA,0.06
328709,Cephalophus niger,Cephalophus_niger,Artiodactyla,Bovidae,Cephalophus,niger,0,2,19094.32,NA,1041.8,NA,NA,NA,NA,7,NA,126,1,NA,NA,NA,1,NA,122.04,1940,NA,1.14,NA,NA,NA,4,1,2,89.49,NA,NA,6,8,1,2,4,13.5,13.5,NA,1,NA,1,190,2,2,0,15,2,1,3818.864,3818.864,NA,NA
328718,Cephalophus nigrifrons,Cephalophus_nigrifrons,Artiodactyla,Bovidae,Cephalophus,nigrifrons,0,2,14676.33,NA,944.21,NA,NA,NA,NA,4,NA,NA,1,NA,NA,NA,NA,NA,236.4,NA,NA,2,NA,NA,NA,4,1,1,NA,NA,NA,NA,0.56,NA,NA,4,NA,NA,NA,NA,NA,NA,14,2,NA,0,19,1,1,2935.266,2935.266,NA,NA
328719,Cephalophus ogilbyi,Cephalophus_ogilbyi,Artiodactyla,Bovidae,Cephalophus,ogilbyi,0,3,18386.42,NA,1000,NA,NA,NA,NA,1,NA,121.66,NA,0.07,0.08,NA,1,NA,NA,NA,NA,NA,NA,NA,NA,4,NA,NA,NA,NA,NA,NA,0.72,NA,NA,4,NA,NA,NA,1,NA,NA,18,2,NA,0,NA,2,NA,3677.284,3677.284,NA,0.07
328721,Cephalophus rufilatus,Cephalophus_rufilatus,Artiodactyla,Bovidae,Cephalophus,rufilatus,0,3,12114.57,NA,650,NA,794.63,NA,NA,5,NA,233.99,1,NA,NA,NA,1,NA,114,975.1,NA,3.18,NA,NA,1,4,1,2,85.59,NA,NA,6,0.48,1,2,4,9,9,1,1,NA,2,12,2,2,0,19,1,1,2422.914,2422.914,NA,0.06
328708,Cephalophus silvicultor,Cephalophus_silvicultor,Artiodactyla,Bovidae,Cephalophus,silvicultor,0,2,62006.6,NA,1324.76,NA,NA,NA,NA,5,NA,234.43,1,NA,NA,306,1,NA,207.96,4400.72,NA,0.5,NA,NA,1,4,1,2,34.9,NA,NA,1,2.48,1,2,4,15,10.5,1,1,306,1,62,2,NA,0,19,2,1,12401.32,12401.32,NA,2
328722,Cephalophus spadix,Cephalophus_spadix,Artiodactyla,Bovidae,Cephalophus,spadix,0,1,56857.02,NA,1174.48,NA,NA,NA,NA,3,NA,NA,1,NA,NA,NA,NA,NA,65.04,NA,NA,NA,NA,NA,NA,4,1,1,NA,NA,NA,NA,2,NA,NA,4,NA,NA,NA,NA,NA,NA,56,2,NA,0,19,2,1,11371.404,11371.404,NA,0.55
328723,Cephalophus weynsi,Cephalophus_weynsi,Artiodactyla,Bovidae,Cephalophus,weynsi,0,3,17500,NA,NA,NA,NA,NA,NA,3,NA,NA,NA,NA,NA,NA,NA,NA,183,NA,NA,NA,NA,NA,NA,NA,NA,NA,NA,NA,NA,NA,708,NA,NA,4,NA,NA,NA,NA,NA,NA,17.7,2,NA,0,19,1,1,NA,NA,NA,NA
328710,Cephalophus zebra,Cephalophus_zebra,Artiodactyla,Bovidae,Cephalophus,zebra,0,2,15654.75,NA,874.99,NA,NA,NA,NA,3,NA,223.89,1,NA,NA,NA,1,NA,146.04,1704.99,NA,NA,NA,NA,NA,4,1,2,13.64,NA,NA,NA,0.6,1,2,4,NA,NA,NA,1,NA,NA,15,2,NA,0,19,1,1,3130.95,3130.95,NA,NA
311503,Ceratotherium simum,Ceratotherium_simum,Perissodactyla,Rhinocerotidae,Ceratotherium,simum,0,2,2285939.43,NA,2586.81,NA,2463.75,NA,NA,1,902.99,534.19,1,19.09,19,967.25,1,NA,600,48500,NA,0.47,3.75,2741.23,NA,NA,1,1,365,274482.35,NA,4,45.7,NA,1,3,72,48,3,1,1009,1,2285,2,NA,0,50,1,1,457187.886,457187.886,24,19.09
328649,Cervus elaphus,Cervus_elaphus,Artiodactyla,Cervidae,Cervus,elaphus,0,2,240867.13,NA,2136.72,NA,993.71,NA,NA,5,NA,235.61,1,58.42,54.81,NA,1.09,NA,321.6,8255.82,NA,2.9,NA,659.91,17.5,NA,1,1,104.64,43977.2,NA,6,9.6,2,2,3,16,16,2,1.09,12,2,240,2,1,0,20,2,1,48173.426,48173.426,55,58.42
328650,Cervus nippon,Cervus_nippon,Artiodactyla,Cervidae,Cervus,nippon,0,2,52999.99,NA,1200.51,NA,1095,NA,NA,2,NA,223.66,1,1.43,0.62,NA,1,NA,305.04,4277.11,570,0.75,NA,518.12,7.5,4,1,1,197.7,NA,NA,4,2.08,2,2,3,17,17,2,1,NA,2,52,2,2,1,25,1,1,10599.998,10599.998,NA,1.43
308530,Connochaetes gnou,Connochaetes_gnou,Artiodactyla,Bovidae,Connochaetes,gnou,0,2,156547.53,NA,1821.79,NA,912.5,NA,NA,2,NA,256.76,1,0.95,NA,NA,1,NA,240,10941.45,NA,34.62,NA,965.63,26.75,2,1,1,111.57,NA,NA,4,6.24,2,1,3,36,24,2,1,NA,2,156,2,2,0,19,2,1,31309.506,31309.506,72,0.95
308531,Connochaetes taurinus,Connochaetes_taurinus,Artiodactyla,Bovidae,Connochaetes,taurinus,0,2,198619.68,NA,2014.99,NA,730,26460,90000,1,NA,251.49,1,NA,NA,365,0.98,NA,258,18044.36,NA,7.99,NA,841.82,20,2,1,1,256.32,51051.33,NA,4,7.92,2,2,3,24,16,2,0.98,365,2,198,2,1,0,19,2,NA,39723.936,39723.936,80,1.5
313992,Dama dama,Dama_dama,Artiodactyla,Cervidae,Dama,dama,0,2,57224.61,NA,NA,NA,1095,NA,NA,2,319.37,230,1,0.71,0.61,365,1,NA,300,4698.44,621.14,21.99,NA,543.28,10.5,NA,1,1,177.63,16720.38,NA,4,2.28,1,2,3,17,16,2,1,365,2,57,2,1,1,25,1,1,11444.922,11444.922,48,0.71
4447088,Damaliscus korrigum,Damaliscus_korrigum,Artiodactyla,Bovidae,Damaliscus,korrigum,0,NA,127194.87,NA,NA,NA,NA,NA,NA,1,NA,240,NA,NA,NA,NA,NA,NA,150.96,NA,NA,3.29,NA,1094.37,NA,2,NA,NA,NA,NA,NA,NA,5.08,NA,NA,3,NA,NA,NA,NA,NA,NA,127,NA,NA,0,25,1,1,25438.974,25438.974,NA,4
308534,Damaliscus lunatus,Damaliscus_lunatus,Artiodactyla,Bovidae,Damaliscus,lunatus,0,2,136000.33,NA,1700,NA,912.5,NA,NA,1,NA,238,1,NA,NA,NA,0.98,NA,216,11000,NA,2.74,NA,665.3,3.6,2,1,1,NA,NA,NA,NA,5.44,2,1,3,NA,21.0082,NA,0.98,NA,NA,136,2,2,0,25,2,1,27200.066,27200.066,80,2
308532,Damaliscus pygargus,Damaliscus_pygargus,Artiodactyla,Bovidae,Damaliscus,pygargus,0,3,77784.55,NA,NA,NA,1003.75,NA,NA,1,NA,240.54,NA,NA,NA,365,1.41,NA,260.04,6873.81,NA,24.56,NA,620.76,NA,2,NA,NA,121.66,21189.56,NA,NA,3.08,2,1,2,NA,23.2438,NA,1.41,365,2,77,NA,2,0,21,2,1,15556.91,15556.91,NA,0.2
18752659,Damaliscus superstes,Damaliscus_superstes,Artiodactyla,Bovidae,Damaliscus,superstes,0,2,130000,NA,NA,NA,NA,NA,NA,1,NA,240,NA,NA,NA,NA,NA,NA,NA,NA,NA,NA,NA,NA,NA,NA,NA,NA,NA,NA,NA,NA,5,NA,NA,2,NA,NA,NA,NA,NA,NA,132.5,NA,NA,0,NA,2,NA,NA,NA,NA,NA
311504,Dicerorhinus sumatrensis,Dicerorhinus_sumatrensis,Perissodactyla,Rhinocerotidae,Dicerorhinus,sumatrensis,0,2,1046156.04,NA,2769.99,NA,NA,NA,NA,2,NA,310.19,2,11.87,12.72,1277.5,1,NA,420,22849.5,911.99,1.05,1,2784.26,NA,NA,1,1,362.93,NA,NA,6,20.92,NA,2,4,NA,90.0163,NA,1,1278,NA,1046,2,NA,0,32,1,1,209231.208,209231.208,42,11.87
311501,Diceros bicornis,Diceros_bicornis,Perissodactyla,Rhinocerotidae,Diceros,bicornis,0,2,995940.54,NA,2849.99,NA,2053.12,NA,NA,2,NA,466.24,1,11.48,13.24,1049.37,1,NA,564,34999.99,NA,0.11,1,2199.16,1,NA,1,1,583.09,426865.48,NA,6,19.9,1,2,4,90,72,2,1,1059,1,995,2,1,0,45,1,1,199188.108,199188.108,55,11.48
308538,Dorcatragus megalotis,Dorcatragus_megalotis,Artiodactyla,Bovidae,Dorcatragus,megalotis,0,3,10918.12,NA,779.98,NA,NA,NA,NA,3,NA,180,1,NA,NA,NA,1,NA,168,NA,NA,NA,NA,NA,7,2,1,1,NA,NA,NA,NA,0.4,NA,NA,2,NA,NA,NA,1,NA,NA,10,2,NA,1,45,2,NA,2183.624,2183.624,NA,0.7
308480,Elaphodus cephalophus,Elaphodus_cephalophus,Artiodactyla,Cervidae,Elaphodus,cephalophus,0,2,23087.87,NA,NA,NA,NA,NA,NA,3,NA,181.24,NA,NA,NA,NA,1,NA,NA,NA,NA,NA,NA,631.37,NA,NA,NA,NA,NA,NA,NA,6,0.92,1,2,4,21,21,2,1,NA,2,23,2,1,1,12,1,1,4617.574,4617.574,70,NA
308403,Elaphurus davidianus,Elaphurus_davidianus,Artiodactyla,Cervidae,Elaphurus,davidianus,0,2,165989.17,NA,NA,NA,NA,NA,NA,2,NA,286.49,1,NA,NA,359.5,1.22,NA,279.6,10467.5,NA,NA,NA,NA,NA,NA,1,1,155.59,NA,NA,4,6.6,2,2,3,27,27,2,1.22,360,2,165,NA,NA,1,23,NA,1,33197.834,33197.834,NA,1
47186326,Equus burchellii,Equus_burchellii,Perissodactyla,Equidae,Equus,burchellii,0,3,279160.65,NA,NA,NA,1277.5,NA,NA,3,NA,371.2,1,127.99,120.07,385,1,NA,480,32274.54,NA,7,5.1,709.82,NA,NA,1,1,294.11,165361.14,NA,4,5.58,2,1,2,19,19,2,NA,NA,1,279,NA,1,0,NA,2,NA,55832.13,55832.13,60,127.99
129473,Equus grevyi,Equus_grevyi,Perissodactyla,Equidae,Equus,grevyi,0,2,408000.35,NA,2700,NA,1642.5,NA,NA,1,843.65,406,1,NA,NA,NA,1,0.5,312,39999.99,NA,2.27,NA,1341.92,NA,NA,1,1,271.7,NA,NA,4,8.16,1,1,1,48,42,2,1,575,1,408,2,1,0,28,2,1,81600.07,81600.07,64,10
311507,Equus hemionus,Equus_hemionus,Perissodactyla,Equidae,Equus,hemionus,0,2,235248.07,NA,2250,NA,1277.5,NA,NA,2,547.5,346,1,NA,NA,547.5,1,NA,465.6,NA,NA,0.69,3,1184.16,3,NA,1,1,456.25,NA,NA,4,9.4,2,2,2,42,42,1,1,458,2,235,2,NA,0,22,1,1,47049.614,47049.614,69,9
311506,Equus kiang,Equus_kiang,Perissodactyla,Equidae,Equus,kiang,0,1,281138.63,NA,NA,NA,NA,NA,NA,1,NA,260.76,1,NA,NA,NA,NA,NA,NA,NA,NA,NA,NA,NA,40,NA,1,NA,NA,NA,NA,4,5.62,2,1,1,24,24,2,NA,NA,2,281,2,1,0,26,1,1,56227.726,56227.726,60,NA
311502,Equus quagga,Equus_quagga,Perissodactyla,Equidae,Equus,quagga,0,2,"400,000.00",NA,NA,NA,NA,NA,NA,1,NA,NA,NA,NA,NA,NA,NA,NA,240,NA,NA,NA,NA,NA,NA,NA,NA,NA,NA,NA,NA,NA,8,NA,2,1,NA,NA,NA,NA,NA,NA,400,NA,NA,0,26,1,1,80000,80000,56,315
129474,Equus zebra,Equus_zebra,Perissodactyla,Equidae,Equus,zebra,0,3,282462.13,NA,2350,NA,1633.37,NA,NA,2,655.29,363.49,1,7.4,6.88,653.95,1,0.35,288,29496.68,1000,1.32,4,963.17,13,NA,1,1,181.46,117097.78,NA,4,5.64,2,1,2,42,49,2,1,670,1,282,2,1,0,20,2,1,56492.426,56492.426,64,7.4
129515,Eudorcas rufifrons,Eudorcas_rufifrons,Artiodactyla,Bovidae,Eudorcas,rufifrons,0,2,26999.77,NA,885,NA,NA,NA,NA,2,NA,174.73,1,NA,NA,NA,1,NA,162,NA,NA,1.56,NA,NA,NA,NA,1,NA,NA,NA,NA,NA,1.04,NA,NA,1,NA,NA,NA,1,NA,NA,26,NA,NA,0,20,2,1,5399.954,5399.954,NA,12
129516,Eudorcas rufina,Eudorcas_rufina,Artiodactyla,Bovidae,Eudorcas,rufina,0,NA,39999.99,NA,NA,NA,NA,NA,NA,NA,NA,NA,NA,NA,NA,NA,NA,NA,NA,NA,NA,NA,NA,NA,NA,NA,NA,NA,NA,NA,NA,NA,1.56,NA,NA,NA,NA,NA,NA,NA,NA,NA,39,NA,NA,0,NA,NA,1,7999.998,7999.998,NA,NA
129521,Eudorcas thomsonii,Eudorcas_thomsonii,Artiodactyla,Bovidae,Eudorcas,thomsonii,0,2,22907.43,NA,885,NA,552.51,NA,NA,2,NA,166.14,1,NA,NA,193.9,1,NA,182.04,2500,NA,12.53,NA,418.38,NA,NA,1,1,93.25,NA,NA,4,0.88,2,2,1,NA,NA,2,1,1939,1,22,2,2,0,20,2,NA,4581.486,4581.486,72.5,NA
308548,Gazella arabica,Gazella_arabica,Artiodactyla,Bovidae,Gazella,arabica,0,2,24124.67,NA,1000,NA,NA,NA,NA,2,NA,NA,NA,NA,NA,NA,1.5,NA,135.96,NA,NA,NA,NA,NA,NA,NA,NA,1,NA,NA,NA,NA,0.96,NA,NA,3,NA,NA,NA,1.5,NA,NA,24,NA,NA,0,20,1,NA,4824.934,4824.934,65,NA
308550,Gazella bennettii,Gazella_bennettii,Artiodactyla,Bovidae,Gazella,bennettii,0,1,18916.67,NA,NA,NA,NA,NA,NA,3,NA,158,NA,NA,NA,NA,NA,NA,NA,NA,NA,NA,NA,NA,NA,NA,NA,NA,NA,NA,NA,6,0.72,1,2,4,24,12,3,NA,NA,2,18,NA,1,0,NA,2,1,3783.334,3783.334,NA,NA
311406,Gazella cuvieri,Gazella_cuvieri,Artiodactyla,Bovidae,Gazella,cuvieri,0,2,35000,NA,NA,NA,NA,NA,NA,2,NA,160,NA,NA,NA,NA,NA,NA,NA,NA,NA,NA,NA,NA,NA,NA,NA,NA,NA,NA,NA,NA,2,NA,NA,1,NA,NA,NA,1.46,274,NA,25,NA,NA,0,20,1,1,NA,NA,100,NA
129511,Gazella dorcas,Gazella_dorcas,Artiodactyla,Bovidae,Gazella,dorcas,0,2,15635.95,NA,965.68,NA,836.45,NA,NA,6,NA,172,1,15.52,NA,337.85,1.22,NA,209.04,1573.21,499.99,2.3,NA,620.76,6.75,NA,1,2,61.35,4001.14,NA,6,0.6,2,1,2,19.3644,24,2,1.22,338,2,15,2,1,0,20,2,1,3127.19,3127.19,70,15.52
24183270,Gazella erlangeri,Gazella_erlangeri,Artiodactyla,Bovidae,Gazella,erlangeri,0,NA,NA,NA,NA,NA,NA,NA,NA,NA,NA,NA,NA,NA,NA,NA,NA,NA,NA,NA,NA,NA,NA,NA,NA,NA,NA,NA,NA,NA,NA,NA,NA,NA,NA,NA,NA,NA,NA,NA,NA,NA,NA,NA,NA,0,NA,NA,NA,NA,NA,NA,NA
129512,Gazella gazella,Gazella_gazella,Artiodactyla,Bovidae,Gazella,gazella,0,2,21306.83,NA,1012.85,0,547.5,NA,NA,3,182.5,180,1,1.46,1.37,228.12,1.22,NA,219,2124.99,NA,0.4,NA,485.11,7.2,NA,1,1,86.17,NA,NA,4,0.84,1,2,2,27,27,3,1.22,297,2,21,2,1,0,18,2,1,4261.366,4261.366,80,1.46
129514,Gazella leptoceros,Gazella_leptoceros,Artiodactyla,Bovidae,Gazella,leptoceros,0,2,24645.75,NA,1032.67,NA,319.37,NA,NA,2,NA,167.29,1,NA,NA,NA,1,NA,168,4615.3,NA,NA,NA,NA,NA,NA,1,1,NA,NA,NA,NA,0.96,NA,NA,3,NA,NA,NA,1,NA,NA,24,NA,NA,0,18,2,1,4929.15,4929.15,NA,NA
129517,Gazella saudiya,Gazella_saudiya,Artiodactyla,Bovidae,Gazella,saudiya,0,NA,16000,NA,NA,NA,NA,NA,NA,NA,NA,NA,NA,NA,NA,NA,NA,NA,NA,NA,NA,NA,NA,NA,NA,NA,NA,NA,NA,NA,NA,NA,0.64,NA,NA,3,NA,NA,NA,NA,NA,NA,16,NA,NA,0,NA,NA,NA,3200,3200,NA,NA
129519,Gazella spekei,Gazella_spekei,Artiodactyla,Bovidae,Gazella,spekei,0,2,20000,NA,885,NA,NA,NA,NA,1,NA,178.59,1,NA,NA,206.5,1,NA,152.04,1250,NA,NA,NA,403.21,14.25,NA,1,NA,NA,NA,NA,NA,0.8,NA,NA,2,NA,NA,NA,1,205,NA,20,NA,NA,0,18,2,1,4000,4000,NA,4.75
129520,Gazella subgutturosa,Gazella_subgutturosa,Artiodactyla,Bovidae,Gazella,subgutturosa,0,2,26981.37,NA,957.35,NA,NA,NA,NA,3,NA,159.68,1,NA,NA,NA,1.39,NA,240,2317.85,NA,0.64,NA,413.84,5.5,4,1,1,116.41,NA,NA,4,7.8,1,2,3,10.5,5,2,1.39,NA,2,26,2,1,1,15,2,1,5396.274,5396.274,60,20
308378,Giraffa camelopardalis,Giraffa_camelopardalis,Artiodactyla,Giraffidae,Giraffa,camelopardalis,0,2,964654.73,NA,4177.03,NA,1825,NA,NA,5,NA,455.25,1,81.52,99.56,608.33,1.29,1,435.6,55244.9,NA,1.23,NA,1633.59,100,4,1,1,212.91,NA,NA,4,19.28,2,1,1,54,42,2,1.29,620,2,964,2,1,0,36,1,1,192930.946,192930.946,55,81.52
1038794,Hemitragus hylocrius,Hemitragus_hylocrius,Artiodactyla,Bovidae,Hemitragus,hylocrius,0,2,74186.41,NA,1385,NA,669.16,NA,NA,2,NA,186.35,1,NA,NA,237.25,1.41,NA,207,NA,NA,NA,NA,NA,NA,3,1,1,27.28,NA,NA,4,2.96,2,1,1,NA,21.9945,2,1.41,246,1,74,NA,2,0,36,1,1,14837.282,14837.282,NA,NA
1038795,Hemitragus jayakari,Hemitragus_jayakari,Artiodactyla,Bovidae,Hemitragus,jayakari,0,2,22210.18,NA,1075,NA,NA,NA,NA,3,NA,164.31,1,NA,NA,NA,1,NA,168,NA,NA,NA,NA,NA,NA,3,1,1,NA,NA,NA,4,1,1,2,4,30,30,1,1,NA,1,22,2,1,0,36,1,1,4442.036,4442.036,NA,0.3
1038796,Hemitragus jemlahicus,Hemitragus_jemlahicus,Artiodactyla,Bovidae,Hemitragus,jemlahicus,0,3,68616.43,NA,NA,NA,730,NA,NA,2,NA,195.76,NA,NA,NA,365,1.01,NA,261.6,2700,NA,NA,35,1532.89,NA,3,NA,1,NA,NA,NA,4,2.72,2,2,3,48,48,2,1.01,365,2,68,2,2,0,21,1,1,13723.286,13723.286,NA,3
317313,Hexaprotodon liberiensis,Hexaprotodon_liberiensis,Artiodactyla,Hippopotamidae,Hexaprotodon,liberiensis,0,2,235001.16,NA,1600,NA,NA,NA,NA,4,NA,200,2,0.72,NA,NA,1,1,525.6,5730,NA,NA,NA,1510.3,1.25,NA,1,1,211.71,NA,NA,4,9.4,1,2,4,48,48,1,1,NA,1,235,2,1,0,43,1,NA,47000.232,47000.232,NA,0.72
129566,Hippocamelus antisensis,Hippocamelus_antisensis,Artiodactyla,Cervidae,Hippocamelus,antisensis,0,3,68599.35,NA,1550,NA,NA,NA,NA,2,NA,235.72,1,NA,NA,NA,1,NA,127.2,NA,NA,1.2,NA,NA,7.3,NA,1,1,NA,NA,NA,NA,2.72,2,2,1,NA,NA,NA,1,NA,2,68,2,NA,1,43,1,1,13719.87,13719.87,NA,2
310354,Hippocamelus bisulcus,Hippocamelus_bisulcus,Artiodactyla,Cervidae,Hippocamelus,bisulcus,0,2,69240.81,NA,1550,NA,NA,NA,NA,2,NA,212.91,1,0.86,NA,NA,1,1,NA,3575.62,989.99,1.12,NA,NA,1.9,NA,1,1,NA,NA,NA,NA,2.76,NA,NA,1,NA,NA,NA,1,NA,NA,69,2,NA,1,NA,1,1,13848.162,13848.162,NA,0.86
47360174,Hippopotamus amphibius,Hippopotamus_amphibius,Artiodactyla,Hippopotamidae,Hippopotamus,amphibius,0,2,1536310.4,NA,NA,NA,1460,NA,NA,2,NA,235.37,2,NA,NA,696.54,1,1,654,40199.99,NA,4.86,585,2030,NA,NA,1,2,319.01,206389.44,NA,4,30.72,2,1,1,42.0493,42.0493,2,NA,NA,1,1536,NA,1,0,NA,1,NA,307262.08,307262.08,30,NA
331075,Hippotragus equinus,Hippotragus_equinus,Artiodactyla,Bovidae,Hippotragus,equinus,0,3,264173.96,NA,1150,NA,1049.37,NA,NA,5,NA,278.23,1,NA,NA,317,0.98,NA,240,16412.18,NA,0.96,NA,841.82,12,4,1,1,119.27,NA,NA,4,5.28,2,1,2,48,48,2,0.98,331,1,264,2,1,0,43,2,1,52834.792,52834.792,57,4
331076,Hippotragus leucophaeus,Hippotragus_leucophaeus,Artiodactyla,Bovidae,Hippotragus,leucophaeus,0,NA,149999.99,NA,NA,NA,NA,NA,NA,1,NA,NA,NA,NA,NA,NA,NA,NA,NA,NA,NA,NA,NA,NA,NA,NA,NA,NA,NA,NA,NA,4,5.96,2,2,2,NA,NA,2,NA,NA,2,149,2,2,0,NA,2,NA,29999.998,29999.998,NA,NA
331077,Hippotragus niger,Hippotragus_niger,Artiodactyla,Bovidae,Hippotragus,niger,0,3,236405.9,NA,2035,NA,983.37,NA,NA,5,NA,272.87,1,NA,NA,365,1,NA,267,16412.18,NA,1.3,NA,972.17,15,4,1,1,210.73,NA,NA,4,9.4,2,1,2,45,45,2,1,365,2,236,2,2,0,22,2,1,47281.18,47281.18,57,26
308404,Hydropotes inermis,Hydropotes_inermis,Artiodactyla,Cervidae,Hydropotes,inermis,0,2,12760.04,NA,NA,NA,NA,NA,NA,2,NA,175.49,NA,NA,NA,NA,3,NA,144,1016.19,NA,NA,NA,292.63,NA,NA,NA,NA,NA,NA,NA,NA,0.48,NA,2,4,NA,6.0164,NA,3,NA,NA,12,2,NA,0,13,1,NA,2552.008,2552.008,NA,2
328337,Hyemoschus aquaticus,Hyemoschus_aquaticus,Artiodactyla,Tragulidae,Hyemoschus,aquaticus,0,1,10850,NA,750,NA,NA,NA,NA,1,NA,173.52,1,0.2,0.19,NA,1.22,1,168,NA,NA,15.85,NA,314.64,1,NA,1,1,136.87,NA,NA,NA,0.4,NA,2,4,13.2493,13.2493,NA,1.22,NA,NA,10,2,NA,0,13,2,1,2170,2170,NA,0.2
328333,Hylochoerus meinertzhageni,Hylochoerus_meinertzhageni,Artiodactyla,Suidae,Hylochoerus,meinertzhageni,0,2,198130.47,NA,2028.75,NA,532.29,NA,NA,2,NA,151,1,NA,NA,365,4,NA,216,NA,NA,1.5,NA,521.59,10,6,1,1,62.82,NA,NA,NA,7.92,NA,2,1,16.9972,12,NA,4,365,2,198,2,NA,0,18,1,1,39626.094,39626.094,NA,10
328724,Kobus ellipsiprymnus,Kobus_ellipsiprymnus,Artiodactyla,Bovidae,Kobus,ellipsiprymnus,0,2,204393.48,NA,NA,NA,NA,26700,100000,2,NA,270,1,1.28,NA,365,1,NA,239.04,12000,NA,2.46,NA,1426.44,12,4,1,1,212.91,NA,NA,NA,8.16,2,1,1,NA,25.3479,NA,1,365,NA,204,2,2,1,18,2,1,40878.696,40878.696,NA,1.28
328731,Kobus kob,Kobus_kob,Artiodactyla,Bovidae,Kobus,kob,0,3,80035.21,NA,1700,NA,395.41,NA,NA,1,NA,254.76,1,99.57,NA,NA,1,NA,263.04,5376.23,NA,2.6,185,465.57,40,4,1,1,188.64,NA,NA,NA,3,2,1,1,12,13.2493,NA,1,NA,NA,80,2,2,1,21,2,1,16007.042,16007.042,NA,99.57
328712,Kobus leche,Kobus_leche,Artiodactyla,Bovidae,Kobus,leche,0,2,88645.04,NA,NA,NA,638.75,NA,NA,2,NA,229.8,2,NA,NA,NA,1,NA,222.96,5100,NA,31,NA,925.38,20,4,1,1,133.45,NA,NA,NA,3.52,2,1,3,34.5205,29.5233,NA,1,NA,2,88,2,NA,1,15,2,1,17729.008,17729.008,NA,NA
328725,Kobus megaceros,Kobus_megaceros,Artiodactyla,Bovidae,Kobus,megaceros,0,3,85805.93,NA,NA,NA,NA,NA,NA,1,NA,NA,NA,NA,NA,NA,NA,NA,224.04,NA,NA,0.34,50,NA,NA,4,NA,NA,NA,NA,NA,4,3.4,2,1,1,24,24,2,1,353,2,85,NA,2,1,15,2,1,17161.186,17161.186,NA,NA
328726,Kobus vardonii,Kobus_vardonii,Artiodactyla,Bovidae,Kobus,vardonii,0,2,71462.72,NA,1340,NA,NA,NA,NA,2,NA,258.09,1,NA,NA,365,1,NA,NA,5798.07,NA,4.78,NA,NA,5.5,4,1,1,212.91,NA,NA,4,2.84,1,2,3,13,13,2,1,365,1,71,NA,1,1,NA,1,NA,14292.544,14292.544,NA,20
129522,Litocranius walleri,Litocranius_walleri,Artiodactyla,Bovidae,Litocranius,walleri,0,3,38804.37,NA,1500,NA,562.7,NA,NA,1,NA,204.15,1,NA,NA,240.77,1,NA,156,NA,NA,0.43,NA,841.82,8,NA,1,1,NA,NA,NA,4,2,1,2,3,18,18,2,1,241,2,38,2,2,1,13,2,1,7760.874,7760.874,56,2.5
311497,Madoqua guentheri,Madoqua_guentheri,Artiodactyla,Bovidae,Madoqua,guentheri,0,3,4623.7,NA,612.07,NA,NA,NA,NA,6,327.33,175,1,0.03,0.05,NA,0.98,NA,168,684,NA,14.01,NA,138.6,6.25,4,1,1,74.25,NA,NA,NA,0.16,2,2,4,NA,NA,NA,0.98,NA,NA,4,NA,2,1,13,2,1,924.74,924.74,42,0.03
311498,Madoqua kirkii,Madoqua_kirkii,Artiodactyla,Bovidae,Madoqua,kirkii,0,2,4833.4,NA,654.27,NA,501.87,2145,4290,5,338.82,171.49,1,NA,NA,182.5,0.98,NA,198,625.82,NA,19,NA,233.47,2.5,4,1,1,42.58,1633.49,NA,NA,0.16,2,2,4,9.9945,7.0027,1,0.98,244,2,4,2,2,1,14,2,1,966.68,966.68,42,0.18
311495,Madoqua piacentinii,Madoqua_piacentinii,Artiodactyla,Bovidae,Madoqua,piacentinii,0,3,2500,NA,NA,NA,NA,NA,NA,2,327.33,NA,NA,NA,NA,NA,1,NA,168,NA,NA,NA,NA,251.71,NA,NA,NA,1,NA,NA,NA,NA,0.1,NA,NA,4,NA,NA,NA,1,NA,NA,2.5,NA,NA,1,14,2,NA,500,500,NA,NA
129605,Mazama americana,Mazama_americana,Artiodactyla,Cervidae,Mazama,americana,0,2,20546.86,NA,NA,NA,NA,NA,NA,2,NA,225,1,NA,NA,NA,1.22,NA,165.6,NA,NA,9.3,NA,NA,1,NA,1,1,NA,NA,NA,6,0.82,1,2,4,12,12,NA,1.22,NA,1,20.5,2,NA,1,13,1,1,4109.372,4109.372,NA,1
7238006,Mazama bororo,Mazama_bororo,Artiodactyla,Cervidae,Mazama,bororo,0,3,20000,NA,NA,NA,NA,NA,NA,5,NA,NA,NA,NA,NA,NA,NA,NA,NA,NA,NA,NA,NA,NA,NA,NA,NA,NA,NA,NA,NA,NA,0.84,NA,NA,4,NA,NA,NA,NA,NA,NA,21,NA,NA,1,NA,NA,NA,NA,NA,NA,NA
129581,Mazama bricenii,Mazama_bricenii,Artiodactyla,Cervidae,Mazama,bricenii,0,3,16499.85,NA,NA,NA,NA,NA,NA,NA,NA,NA,1,NA,NA,NA,NA,NA,NA,NA,NA,NA,NA,NA,NA,NA,1,NA,NA,NA,NA,NA,0.66,NA,NA,4,NA,NA,NA,NA,NA,NA,16.5,NA,NA,1,NA,NA,NA,3299.97,3299.97,NA,NA
129582,Mazama chunyi,Mazama_chunyi,Artiodactyla,Cervidae,Mazama,chunyi,0,2,16071.74,NA,NA,NA,NA,NA,NA,NA,NA,243.33,1,NA,NA,NA,1.5,NA,NA,NA,NA,NA,NA,NA,NA,NA,1,NA,NA,NA,NA,NA,0.64,NA,NA,4,NA,NA,NA,1.5,NA,NA,16,NA,NA,1,NA,NA,1,3214.348,3214.348,NA,NA
129579,Mazama gouazoubira,Mazama_gouazoubira,Artiodactyla,Cervidae,Mazama,gouazoubira,0,2,16633.17,NA,918.25,NA,NA,NA,NA,2,NA,219.86,1,NA,NA,NA,1,NA,144,834.46,NA,9.21,NA,719.06,1,NA,1,1,NA,NA,NA,1,664,1,2,4,12,13,1,1,NA,1,16.6,NA,1,1,13,2,NA,3326.634,3326.634,NA,NA
129580,Mazama nana,Mazama_nana,Artiodactyla,Cervidae,Mazama,nana,0,2,16499.85,NA,NA,NA,NA,NA,NA,NA,NA,NA,1,NA,NA,NA,NA,NA,NA,NA,NA,NA,NA,NA,NA,NA,1,NA,NA,NA,NA,NA,0.66,NA,NA,4,NA,NA,NA,NA,NA,NA,16.5,2,NA,1,NA,NA,NA,3299.97,3299.97,NA,NA
4446121,Mazama pandora,Mazama_pandora,Artiodactyla,Cervidae,Mazama,pandora,0,2,18000,NA,NA,NA,NA,NA,NA,NA,NA,NA,NA,NA,NA,NA,NA,NA,NA,NA,NA,NA,NA,NA,NA,NA,NA,NA,NA,NA,NA,NA,0.86,NA,NA,4,NA,NA,NA,NA,NA,NA,21.5,NA,NA,1,NA,NA,NA,NA,NA,NA,NA
129577,Mazama rufina,Mazama_rufina,Artiodactyla,Cervidae,Mazama,rufina,0,2,21099.25,NA,NA,NA,NA,NA,NA,NA,NA,231.64,1,NA,NA,NA,1.22,NA,NA,NA,NA,NA,NA,NA,NA,NA,1,NA,NA,NA,NA,NA,844,NA,NA,4,NA,NA,NA,1.22,NA,NA,21.1,NA,NA,1,NA,NA,1,4219.85,4219.85,NA,NA
4446125,Mazama temama,Mazama_temama,Artiodactyla,Cervidae,Mazama,temama,0,NA,25000,NA,NA,NA,NA,NA,NA,NA,NA,NA,NA,NA,NA,NA,NA,NA,NA,NA,NA,NA,NA,NA,NA,NA,NA,NA,NA,NA,NA,NA,NA,NA,NA,4,NA,NA,NA,NA,NA,NA,NA,NA,NA,1,NA,NA,1,NA,NA,NA,NA
328338,Moschiola meminna,Moschiola_meminna,Artiodactyla,Tragulidae,Moschiola,meminna,0,1,3130.95,NA,540,NA,NA,NA,NA,NA,NA,153.53,NA,NA,NA,NA,1.5,NA,NA,319,NA,2.74,NA,NA,NA,NA,NA,NA,NA,NA,NA,6,1,1,2,4,NA,NA,2,1.5,NA,1,3.13,2,1,0,6,2,1,626.19,626.19,NA,NA
7240172,Moschus anhuiensis,Moschus_anhuiensis,Artiodactyla,Moschidae,Moschus,anhuiensis,0,1,8000,NA,NA,NA,NA,NA,NA,NA,NA,NA,NA,NA,NA,NA,NA,NA,NA,NA,NA,NA,NA,NA,NA,NA,NA,NA,NA,NA,NA,NA,NA,NA,NA,4,NA,NA,NA,NA,NA,NA,NA,2,NA,0,NA,2,NA,NA,NA,NA,0.13
328123,Moschus berezovskii,Moschus_berezovskii,Artiodactyla,Moschidae,Moschus,berezovskii,0,2,12477.41,NA,899.99,NA,NA,NA,NA,2,NA,184.24,NA,0.13,NA,NA,1.2,1,NA,529.5,NA,NA,NA,NA,NA,NA,NA,1,47.14,NA,NA,NA,0.49,NA,NA,4,NA,NA,NA,1.2,NA,NA,12.47,2,NA,0,NA,2,1,2495.482,2495.482,NA,0.13
328122,Moschus chrysogaster,Moschus_chrysogaster,Artiodactyla,Moschidae,Moschus,chrysogaster,0,2,13697.9,NA,899.99,NA,730,NA,NA,2,NA,188,NA,0.13,NA,NA,1.2,1,NA,659.54,NA,NA,NA,587.94,1,NA,NA,1,47.14,NA,NA,4,0.56,1,2,4,NA,21.0082,NA,1.2,NA,NA,13.69,2,NA,0,NA,2,1,2739.58,2739.58,NA,0.13
4445879,Moschus cupreus,Moschus_cupreus,Artiodactyla,Moschidae,Moschus,cupreus,0,2,NA,NA,NA,NA,NA,NA,NA,1,NA,NA,NA,NA,NA,NA,NA,NA,NA,NA,NA,NA,NA,NA,NA,NA,NA,NA,NA,NA,NA,NA,NA,NA,NA,4,NA,NA,NA,NA,NA,NA,NA,2,NA,0,NA,NA,NA,NA,NA,NA,NA
311508,Moschus fuscus,Moschus_fuscus,Artiodactyla,Moschidae,Moschus,fuscus,0,2,13697.9,NA,899.99,NA,NA,NA,NA,2,NA,NA,NA,0.13,NA,NA,NA,1,NA,NA,NA,NA,NA,NA,NA,NA,NA,1,47.14,NA,NA,4,0.56,1,2,4,NA,NA,2,NA,NA,2,13.69,2,1,0,NA,1,1,2739.58,2739.58,NA,0.13
7240240,Moschus leucogaster,Moschus_leucogaster,Artiodactyla,Moschidae,Moschus,leucogaster,0,1,14500,NA,NA,NA,NA,NA,NA,1,NA,NA,NA,NA,NA,NA,NA,NA,NA,NA,NA,NA,NA,NA,NA,NA,NA,NA,NA,NA,NA,4,0.58,1,2,4,20,20,NA,NA,NA,2,14.5,2,NA,0,NA,2,1,NA,NA,NA,0.22
328320,Moschus moschiferus,Moschus_moschiferus,Artiodactyla,Moschidae,Moschus,moschiferus,0,2,13315.57,NA,899.99,NA,NA,NA,NA,3,NA,175.92,NA,0.13,0.45,NA,1.74,1,NA,498.39,NA,NA,1,486.66,1,NA,NA,1,47.14,NA,NA,NA,525,NA,2,4,NA,15.5507,NA,1.74,NA,NA,13,2,NA,0,12,1,1,2663.114,2663.114,NA,0.13
308400,Muntiacus atherodes,Muntiacus_atherodes,Artiodactyla,Cervidae,Muntiacus,atherodes,0,2,18939.1,NA,994.99,NA,NA,NA,NA,2,NA,NA,NA,NA,NA,NA,NA,NA,NA,NA,NA,NA,NA,NA,NA,NA,NA,1,NA,NA,NA,6,757,1,2,4,9,9,NA,NA,NA,1,18.93,2,1,1,NA,1,1,3787.82,3787.82,NA,NA
308401,Muntiacus crinifrons,Muntiacus_crinifrons,Artiodactyla,Cervidae,Muntiacus,crinifrons,0,3,18590.01,NA,NA,NA,NA,NA,NA,4,NA,195.57,NA,NA,NA,NA,1,NA,NA,NA,NA,NA,NA,NA,NA,NA,NA,2,NA,NA,NA,6,743,1,2,4,NA,12,2,1,NA,1,18.59,2,1,1,NA,1,1,3718.002,3718.002,NA,0.16
308384,Muntiacus feae,Muntiacus_feae,Artiodactyla,Cervidae,Muntiacus,feae,0,3,21999.99,NA,NA,NA,NA,NA,NA,4,NA,195.57,NA,NA,NA,NA,1.22,NA,NA,NA,NA,NA,NA,NA,NA,NA,NA,2,NA,NA,NA,6,876,1,2,4,NA,12,2,1.22,NA,1,21.9,2,2,1,NA,2,NA,4399.998,4399.998,NA,NA
308393,Muntiacus gongshanensis,Muntiacus_gongshanensis,Artiodactyla,Cervidae,Muntiacus,gongshanensis,0,2,18590.01,NA,NA,NA,NA,NA,NA,4,NA,NA,NA,NA,NA,NA,NA,NA,NA,NA,NA,NA,NA,NA,NA,NA,NA,2,NA,NA,NA,6,743,1,2,4,9,6,2,NA,NA,1,18.59,2,1,1,NA,NA,NA,3718.002,3718.002,NA,0.16
308397,Muntiacus muntjak,Muntiacus_muntjak,Artiodactyla,Cervidae,Muntiacus,muntjak,0,2,17611.59,NA,994.99,NA,NA,NA,NA,3,NA,210,NA,NA,NA,241,1,NA,211.2,1371.39,NA,3.12,NA,338.33,NA,NA,NA,1,NA,NA,NA,NA,0.7,1,2,4,10.9151,8.9425,NA,1,241,1,17.61,2,NA,1,17,2,1,3522.318,3522.318,NA,NA
7240299,Muntiacus puhoatensis,Muntiacus_puhoatensis,Artiodactyla,Cervidae,Muntiacus,puhoatensis,0,NA,NA,NA,NA,NA,NA,NA,NA,NA,NA,NA,NA,NA,NA,NA,NA,NA,NA,NA,NA,NA,NA,NA,NA,NA,NA,NA,NA,NA,NA,NA,0.44,NA,NA,4,NA,NA,NA,NA,NA,NA,11,2,NA,NA,NA,2,NA,NA,NA,NA,NA
7240302,Muntiacus putaoensis,Muntiacus_putaoensis,Artiodactyla,Cervidae,Muntiacus,putaoensis,0,2,11000,NA,NA,NA,NA,NA,NA,2,NA,NA,NA,NA,NA,NA,NA,NA,NA,NA,NA,NA,NA,NA,NA,NA,NA,NA,NA,NA,NA,1,0.44,1,2,4,NA,NA,NA,NA,NA,1,11,2,NA,1,NA,2,1,NA,NA,NA,4.5
308477,Muntiacus reevesi,Muntiacus_reevesi,Artiodactyla,Cervidae,Muntiacus,reevesi,0,2,13499.94,NA,NA,NA,NA,NA,NA,2,NA,214.24,NA,0.12,0.11,215.25,0.98,NA,NA,1050,NA,0.67,NA,295.12,NA,NA,NA,1,NA,NA,NA,NA,0.54,1,2,4,0,0,2,0.98,215,1,13.49,2,1,1,19,2,1,2699.988,2699.988,NA,0.16
4446188,Muntiacus rooseveltorum,Muntiacus_rooseveltorum,Artiodactyla,Cervidae,Muntiacus,rooseveltorum,0,NA,10762.64,NA,NA,NA,NA,NA,NA,NA,NA,212.49,NA,NA,NA,NA,1,NA,NA,NA,NA,NA,NA,NA,NA,NA,NA,NA,NA,NA,NA,NA,0.43,NA,NA,4,NA,NA,NA,1,NA,NA,10.76,2,NA,1,NA,2,1,2152.528,2152.528,NA,NA
7240356,Muntiacus truongsonensis,Muntiacus_truongsonensis,Artiodactyla,Cervidae,Muntiacus,truongsonensis,0,2,NA,NA,NA,NA,NA,NA,NA,3,NA,NA,NA,NA,NA,NA,NA,NA,NA,NA,NA,NA,NA,NA,NA,NA,NA,NA,NA,NA,NA,NA,0.6,1,2,4,NA,NA,NA,NA,NA,NA,15,2,NA,1,NA,2,1,NA,NA,NA,1.08
2924686,Muntiacus vuquangensis,Muntiacus_vuquangensis,Artiodactyla,Cervidae,Muntiacus,vuquangensis,0,2,36690.82,NA,NA,NA,NA,NA,NA,5,NA,NA,NA,NA,NA,NA,NA,NA,NA,NA,NA,NA,NA,NA,NA,NA,NA,NA,NA,NA,NA,4,1.47,1,2,4,NA,NA,2,NA,NA,NA,36.69,2,1,1,NA,2,NA,7338.164,7338.164,NA,0.16
1038797,Naemorhedus baileyi,Naemorhedus_baileyi,Artiodactyla,Bovidae,Naemorhedus,baileyi,0,3,28863.45,NA,1040,NA,NA,NA,NA,3,NA,212.91,NA,NA,NA,NA,1.5,NA,219,NA,NA,NA,12,NA,NA,NA,NA,NA,NA,NA,NA,NA,1.15,NA,NA,4,NA,NA,NA,1.5,NA,NA,28.86,NA,NA,0,19,1,NA,5772.69,5772.69,NA,0.4
1038798,Naemorhedus caudatus,Naemorhedus_caudatus,Artiodactyla,Bovidae,Naemorhedus,caudatus,0,2,26999.99,NA,NA,NA,NA,NA,NA,4,NA,NA,NA,NA,NA,NA,NA,NA,108.96,NA,NA,NA,NA,NA,NA,NA,NA,NA,NA,NA,NA,4,1.07,1,2,1,30,30,2,NA,NA,2,26.9,NA,1,0,19,2,1,5399.998,5399.998,NA,0.4
1038799,Naemorhedus goral,Naemorhedus_goral,Artiodactyla,Bovidae,Naemorhedus,goral,0,2,28796.51,NA,1060,NA,NA,NA,NA,2,NA,212.91,1,NA,NA,365,1,NA,211.2,2000,NA,NA,12,1016.66,NA,4,1,1,59.27,NA,NA,4,1.15,1,1,3,30,30,2,1,365,2,28.76,2,1,0,19,2,1,5759.302,5759.302,NA,0.31
4447278,Naemorhedus griseus,Naemorhedus_griseus,Artiodactyla,Bovidae,Naemorhedus,griseus,0,3,27000,NA,NA,NA,NA,NA,NA,4,NA,NA,NA,NA,NA,NA,NA,NA,207.96,NA,NA,NA,NA,NA,NA,NA,NA,NA,NA,NA,NA,NA,1.14,NA,NA,3,NA,NA,NA,NA,NA,NA,28.5,NA,NA,0,19,1,NA,NA,NA,NA,0.31
129508,Nanger dama,Nanger_dama,Artiodactyla,Bovidae,Nanger,dama,0,3,71424.81,NA,1462.78,NA,NA,NA,NA,1,NA,194.93,1,NA,NA,182.5,1,NA,207.96,NA,NA,0.18,12.5,109.36,1,NA,1,1,NA,NA,NA,4,2.86,2,1,1,12,21,2,1,1825,1,71.42,NA,NA,0,19,2,1,14284.962,14284.962,100,NA
129513,Nanger granti,Nanger_granti,Artiodactyla,Bovidae,Nanger,granti,0,2,55464.46,NA,1529.99,NA,NA,NA,NA,2,NA,191.21,1,NA,NA,NA,1,NA,152.04,5215.17,NA,3.92,40,249.81,NA,NA,1,1,NA,NA,NA,4,2,2,1,1,36,18,2,1,NA,1,55.46,NA,2,0,19,1,1,11092.892,11092.892,NA,290
129518,Nanger soemmerringii,Nanger_soemmerringii,Artiodactyla,Bovidae,Nanger,soemmerringii,0,3,41582.93,NA,1360,NA,802.23,NA,NA,3,NA,192.53,1,NA,NA,NA,1,NA,186,NA,NA,5.47,NA,413.84,NA,NA,1,NA,NA,NA,NA,NA,1.67,NA,NA,3,NA,NA,NA,1,NA,NA,41.58,NA,NA,0,19,2,1,8316.586,8316.586,NA,NA
311493,Neotragus moschatus,Neotragus_moschatus,Artiodactyla,Bovidae,Neotragus,moschatus,0,2,5639.01,NA,599.99,NA,NA,NA,NA,5,NA,180,1,NA,NA,NA,1,NA,168,NA,NA,17.32,NA,197.64,1.5,4,1,1,NA,NA,NA,6,0.23,1,2,4,12,12,2,1,NA,2,5.63,2,2,1,13,2,1,1127.802,1127.802,NA,0.02
311538,Neotragus pygmaeus,Neotragus_pygmaeus,Artiodactyla,Bovidae,Neotragus,pygmaeus,0,2,3913.68,NA,499.99,NA,NA,NA,NA,4,NA,180,NA,NA,NA,NA,1,NA,168,NA,NA,NA,NA,NA,2,4,NA,1,NA,NA,NA,NA,0.15,NA,NA,4,NA,NA,NA,1,NA,NA,3.91,2,NA,1,13,2,1,782.736,782.736,NA,0.02
328651,Odocoileus hemionus,Odocoileus_hemionus,Artiodactyla,Cervidae,Odocoileus,hemionus,0,2,84560.57,NA,1516.5,NA,547.5,NA,NA,2,NA,203.49,1,2.01,2.85,365,1.61,NA,264,3007.49,NA,16,NA,527.12,NA,NA,1,1,73.49,23900,NA,NA,1.9,2,2,3,16.537,15.7151,NA,1.61,365,NA,84.56,2,NA,1,22,2,1,16912.114,16912.114,30,2.01
328652,Odocoileus virginianus,Odocoileus_virginianus,Artiodactyla,Cervidae,Odocoileus,virginianus,0,2,75901.25,NA,1513.69,NA,463,NA,NA,4,NA,201.39,1,1.99,2.29,304.16,1.57,NA,276,2949.99,NA,17.32,NA,365,2.25,4,1,1,79.92,29985.81,NA,NA,1.7,2,1,3,24,24,2,1.57,304,2,75.9,2,1,1,23,2,1,15180.25,15180.25,56,1.99
308387,Okapia johnstoni,Okapia_johnstoni,Artiodactyla,Giraffidae,Okapia,johnstoni,0,3,230001.14,NA,2000,NA,NA,NA,NA,1,NA,442.99,1,4.63,6,NA,0.98,1,396,18325.61,NA,1.02,NA,947.05,1,4,1,1,181.46,NA,NA,NA,9.2,NA,2,4,25.9726,19.0027,NA,0.98,NA,NA,230,2,NA,1,33,1,1,46000.228,46000.228,60,4.63
328659,Oreamnos americanus,Oreamnos_americanus,Artiodactyla,Bovidae,Oreamnos,americanus,0,2,72105.4,NA,1297.33,NA,1095,8320,32000,2,NA,181.24,1,18.17,17.04,365,1.4,NA,230.04,3080.81,NA,NA,NA,964.59,3,4,1,1,84.86,NA,NA,6,2.89,2,1,1,30,30,2,1.4,365,2,72.1,2,2,0,19,2,1,14421.08,14421.08,NA,18.17
331065,Oreotragus oreotragus,Oreotragus_oreotragus,Artiodactyla,Bovidae,Oreotragus,oreotragus,0,2,13486.55,NA,824.99,NA,NA,NA,NA,4,NA,214,1,NA,NA,365,0.98,NA,213.96,1130,NA,2.62,NA,371.23,2,4,1,1,136.87,NA,NA,6,0.54,2,2,4,7,7,1,0.98,365,2,13.48,2,1,0,17,2,1,2697.31,2697.31,NA,0.081
4447253,Oryx beisa,Oryx_beisa,Artiodactyla,Bovidae,Oryx,beisa,0,2,200576.52,NA,NA,NA,NA,NA,NA,2,NA,NA,NA,NA,NA,NA,NA,NA,240,NA,NA,1.38,40,NA,NA,4,NA,NA,NA,NA,NA,NA,8,NA,NA,1,NA,NA,NA,NA,NA,NA,200,2,NA,0,17,2,1,40115.304,40115.304,NA,NA
331078,Oryx dammah,Oryx_dammah,Artiodactyla,Bovidae,Oryx,dammah,0,2,199798.95,NA,1910,NA,1001.31,NA,NA,5,NA,248,1,NA,NA,NA,1,NA,245.04,9706.02,NA,NA,30,NA,30,4,1,1,NA,NA,NA,NA,7.96,2,1,1,NA,21.0082,NA,1,NA,NA,199,2,NA,0,17,2,1,39959.79,39959.79,NA,NA
331079,Oryx gazella,Oryx_gazella,Artiodactyla,Bovidae,Oryx,gazella,0,2,188404.45,NA,1615,NA,866.87,NA,NA,5,NA,273.75,1,NA,NA,NA,1,NA,240,12055.49,NA,9.88,NA,841.82,20,4,1,1,NA,NA,NA,4,8,1,1,1,21,21,2,1,NA,1,188,2,1,0,20,2,1,37680.89,37680.89,60,19
331080,Oryx leucoryx,Oryx_leucoryx,Artiodactyla,Bovidae,Oryx,leucoryx,0,2,75788.24,NA,NA,NA,NA,NA,NA,5,NA,239.99,1,NA,NA,NA,1,NA,240,NA,NA,NA,19.5,NA,5,NA,1,1,58.46,NA,NA,NA,3,1,1,2,NA,26.1041,NA,1,NA,NA,75,2,NA,0,20,1,1,15157.648,15157.648,NA,200
344589,Ourebia ourebi,Ourebia_ourebi,Artiodactyla,Bovidae,Ourebia,ourebi,0,3,17186.09,NA,1160,NA,674.33,NA,NA,3,NA,210.5,1,NA,NA,182.5,0.98,NA,189.96,2196.14,NA,2.43,NA,372.09,2,4,1,1,136.87,NA,NA,NA,0.56,2,2,4,14,10,2,0.98,185,1,17,2,2,1,15,2,1,3437.218,3437.218,50,0.26
328656,Ovibos moschatus,Ovibos_moschatus,Artiodactyla,Bovidae,Ovibos,moschatus,0,3,312500,NA,NA,NA,1277.5,NA,NA,2,NA,256.26,1,NA,NA,547.5,1.01,NA,288,10444.11,NA,0.31,NA,1262.74,12.5,4,1,1,254.48,62467.44,NA,4,6.24,1,1,2,36,33,2,1.01,608,2,312,2,1,0,24,1,1,62500,62500,50,135.5
328658,Ovis canadensis,Ovis_canadensis,Artiodactyla,Bovidae,Ovis,canadensis,0,2,74644.87,NA,1565.5,NA,301.5,22100,65000,2,NA,177.49,1,18.94,15.96,365,1.16,NA,288,4115.85,NA,1.48,5.5,761.25,9,2,1,1,130.8,23431.71,NA,4,3,2,1,3,84,6,2,1.16,365,2,74,2,2,0,20,2,1,14928.974,14928.974,48,18.94
328657,Ovis dalli,Ovis_dalli,Artiodactyla,Bovidae,Ovis,dalli,0,NA,70194.13,NA,1415.02,NA,730,NA,NA,2,NA,172.49,1,10.15,14.38,365,1.22,NA,192,3499.99,NA,NA,NA,748.37,9.5,2,1,1,121.66,NA,NA,NA,2.8,2,1,3,21.0082,22.4876,NA,1.22,365,NA,70,2,2,0,20,2,1,14038.826,14038.826,NA,10.15
328678,Ovis nivicola,Ovis_nivicola,Artiodactyla,Bovidae,Ovis,nivicola,0,NA,90000,NA,NA,NA,NA,NA,NA,2,NA,NA,NA,NA,NA,NA,1,NA,NA,NA,NA,NA,NA,841.82,NA,NA,NA,NA,NA,NA,NA,NA,3.6,NA,NA,3,NA,NA,NA,1,NA,NA,90,NA,NA,0,NA,2,1,18000,18000,NA,NA
129578,Ozotoceros bezoarticus,Ozotoceros_bezoarticus,Artiodactyla,Cervidae,Ozotoceros,bezoarticus,0,2,34620.4,NA,1224.74,NA,NA,NA,NA,3,NA,220.38,1,6.16,5.78,317.08,1,NA,NA,2100,NA,NA,NA,350.76,3.5,NA,1,1,362.93,NA,NA,NA,1.36,2,2,1,NA,12,NA,1,330,2,34,2,NA,1,21,1,1,6924.08,6924.08,NA,6.16
344584,Pantholops hodgsonii,Pantholops_hodgsonii,Artiodactyla,Bovidae,Pantholops,hodgsonii,0,NA,32733.12,NA,NA,NA,NA,NA,NA,2,NA,212.91,NA,NA,NA,365,1,NA,NA,NA,NA,NA,NA,NA,NA,NA,NA,NA,NA,NA,NA,4,1,2,2,3,24,24,2,1,365,2,32,2,NA,1,NA,2,1,6546.624,6546.624,NA,NA
1037712,Pecari tajacu,Pecari_tajacu,Artiodactyla,Tayassuidae,Pecari,tajacu,0,2,21133.69,95.59,889.34,NA,350,NA,NA,5,NA,144.88,1,1.37,1.82,155,1.56,2,296.4,618.53,NA,7.92,11.65,315.68,20,8,1,1,47.25,4773.44,NA,NA,0.85,2,2,1,11.7699,10.8164,NA,1.56,155,NA,21.13,2,NA,0,24,2,1,4226.738,4226.738,35,1.37
331081,Pelea capreolus,Pelea_capreolus,Artiodactyla,Bovidae,Pelea,capreolus,0,3,22731.33,NA,NA,NA,NA,NA,NA,2,NA,260.99,1,NA,NA,NA,1,NA,147.96,NA,NA,18.71,NA,NA,10.25,4,1,1,NA,NA,NA,4,0.91,2,1,2,19.5,19.5,2,1,NA,2,22.73,2,2,1,12,2,1,4546.266,4546.266,NA,0.6
328331,Phacochoerus aethiopicus,Phacochoerus_aethiopicus,Artiodactyla,Suidae,Phacochoerus,aethiopicus,0,3,75607.52,NA,NA,NA,730,NA,NA,4,NA,165.4,1,1.35,1.27,365,3.2,1.5,225.6,691.95,NA,7.61,NA,631.12,2,NA,1,1,106.45,NA,NA,4,3,2,1,3,15,15,3,3.2,365,2,75.6,2,1,0,18,2,1,15121.504,15121.504,55,1.35
328332,Phacochoerus africanus,Phacochoerus_africanus,Artiodactyla,Suidae,Phacochoerus,africanus,0,3,82499.99,NA,1355.54,NA,NA,NA,NA,1,NA,172.49,NA,1.55,NA,NA,NA,NA,180,NA,NA,NA,NA,NA,NA,4,NA,1,NA,NA,NA,NA,3,2,2,3,19,19,3,3,426,2,82.4,2,2,0,18,2,1,16499.998,16499.998,55,1.55
328715,Philantomba maxwellii,Philantomba_maxwellii,Artiodactyla,Bovidae,Philantomba,maxwellii,0,2,8557.69,NA,845.23,NA,1095,NA,NA,7,NA,205,1,NA,NA,NA,1,NA,147,827.49,NA,5.97,NA,344.87,1.95,4,1,2,60.48,NA,NA,6,0.34,1,2,4,36,36,1,1,NA,2,8.5,2,2,0,18,2,NA,1711.538,1711.538,NA,NA
328716,Philantomba monticola,Philantomba_monticola,Artiodactyla,Bovidae,Philantomba,monticola,0,3,4896.05,NA,692.3,NA,577.91,1806,4200,3,NA,205,1,NA,NA,265,0.98,NA,144,709.41,NA,35.98,NA,351.59,1.9,4,1,2,27.28,NA,NA,6,0.19,2,2,4,15,10.5,1,0.98,265,1,4.89,2,1,0,18,2,1,979.21,979.21,NA,0.04
328334,Potamochoerus larvatus,Potamochoerus_larvatus,Artiodactyla,Suidae,Potamochoerus,larvatus,0,1,69063.79,NA,NA,NA,NA,NA,NA,7,NA,121.73,1,4.47,NA,NA,2.73,NA,NA,NA,NA,0.4,7.2,NA,8,NA,1,2,NA,NA,NA,NA,2.76,2,1,2,19.5,19.5,2,2.73,NA,2,69,NA,1,0,NA,2,NA,13812.758,13812.758,NA,4.47
328335,Potamochoerus porcus,Potamochoerus_porcus,Artiodactyla,Suidae,Potamochoerus,porcus,0,2,70000.31,NA,1369.3,NA,NA,NA,NA,5,NA,120,1,NA,NA,365,3,NA,240,750,NA,0.23,28.5,1113.7,10.56,6,1,2,NA,NA,NA,NA,2.8,NA,2,2,36.0328,36.0328,NA,3,365,2,70,2,NA,0,20,2,1,14000.062,14000.062,NA,4
344585,Procapra gutturosa,Procapra_gutturosa,Artiodactyla,Bovidae,Procapra,gutturosa,0,2,28274.27,NA,1243.28,NA,NA,NA,NA,1,NA,189.94,1,NA,NA,365,1.41,NA,84,2900,NA,NA,NA,893.06,NA,NA,1,1,38.97,NA,NA,4,1.12,2,2,3,30,18,2,1.41,365,2,28,2,2,1,7,2,1,5654.854,5654.854,65,155
1038778,Procapra przewalskii,Procapra_przewalskii,Artiodactyla,Bovidae,Procapra,przewalskii,0,2,27499.99,NA,NA,NA,NA,NA,NA,2,NA,NA,NA,NA,NA,NA,NA,NA,NA,NA,NA,NA,NA,NA,NA,NA,NA,NA,NA,NA,NA,4,1.08,2,2,1,NA,18,2,NA,NA,2,27,2,1,1,NA,1,NA,5499.998,5499.998,NA,NA
49410484,Przewalskium albirostris,Przewalskium_albirostris,Artiodactyla,Cervidae,Przewalskium,albirostris,0,2,161681.9,NA,NA,NA,NA,NA,NA,2,NA,263.41,NA,NA,NA,NA,1,NA,216,NA,NA,NA,NA,NA,NA,NA,NA,NA,NA,NA,NA,4,6.44,2,1,3,15,15,2,NA,NA,2,161,NA,1,1,NA,1,NA,32336.38,32336.38,NA,NA
1038776,Pseudois nayaur,Pseudois_nayaur,Artiodactyla,Bovidae,Pseudois,nayaur,0,3,52334.57,NA,1299.99,NA,730,NA,NA,2,NA,159.74,1,NA,NA,NA,1.22,NA,288,NA,NA,2.49,25,420.91,NA,2,1,1,NA,NA,NA,6,2.08,2,2,3,84,84,NA,1.22,NA,2,52,2,2,0,15,1,1,10466.914,10466.914,NA,NA
344583,Pseudois schaeferi,Pseudois_schaeferi,Artiodactyla,Bovidae,Pseudois,schaeferi,0,2,29249.99,NA,NA,NA,NA,NA,NA,2,NA,NA,1,NA,NA,NA,NA,NA,NA,NA,NA,NA,6.5,NA,NA,NA,1,NA,NA,NA,NA,NA,1.16,NA,NA,1,NA,NA,NA,NA,NA,NA,29,2,NA,0,NA,2,1,5849.998,5849.998,NA,NA
2925803,Pseudoryx nghetinhensis,Pseudoryx_nghetinhensis,Artiodactyla,Bovidae,Pseudoryx,nghetinhensis,0,2,97842.2,NA,1750,NA,NA,NA,NA,2,NA,NA,NA,NA,NA,NA,NA,NA,NA,NA,NA,NA,4.5,755.15,1,NA,NA,1,NA,NA,NA,4,3.88,1,2,4,NA,NA,NA,NA,NA,2,97,2,NA,0,NA,1,1,19568.44,19568.44,40,NA
129576,Pudu mephistophiles,Pudu_mephistophiles,Artiodactyla,Cervidae,Pudu,mephistophiles,0,NA,9599.96,NA,NA,NA,NA,NA,NA,4,NA,NA,NA,NA,NA,NA,1,NA,120,400,NA,NA,NA,NA,NA,NA,NA,NA,NA,NA,NA,NA,0.38,NA,NA,4,NA,NA,NA,1,NA,NA,9.59,2,NA,1,15,2,1,1919.992,1919.992,NA,0.21
129574,Pudu puda,Pudu_puda,Artiodactyla,Cervidae,Pudu,puda,0,2,9642.62,NA,NA,NA,NA,NA,NA,4,NA,210,1,0.17,0.15,NA,1.22,NA,150,780,NA,NA,1,229.14,NA,NA,1,1,54.75,2863.2,NA,6,0.39,1,1,4,12,12,2,1.22,NA,2,9.64,2,1,1,21,2,1,1928.524,1928.524,NA,0.17
1038779,Raphicerus campestris,Raphicerus_campestris,Artiodactyla,Bovidae,Raphicerus,campestris,0,3,11661.53,NA,824.99,NA,NA,3696,9600,5,NA,210,1,0.43,0.45,219,0.98,NA,168,916.51,NA,1.27,NA,233.81,2,4,1,1,49.89,NA,NA,NA,464,2,2,4,7.989,7.8246,NA,0.98,215,1,11.6,2,2,1,20,2,1,2332.306,2332.306,NA,0.43
1038780,Raphicerus melanotis,Raphicerus_melanotis,Artiodactyla,Bovidae,Raphicerus,melanotis,0,1,10503.14,NA,NA,NA,NA,NA,NA,2,NA,NA,1,NA,NA,NA,NA,NA,168,NA,NA,10.5,NA,NA,1.5,4,1,1,NA,NA,NA,4,0.42,1,2,4,NA,NA,NA,NA,NA,1,10.5,2,2,1,20,2,1,2100.628,2100.628,NA,0.029
1038781,Raphicerus sharpei,Raphicerus_sharpei,Artiodactyla,Bovidae,Raphicerus,sharpei,0,1,9396.9,NA,679.99,NA,NA,NA,NA,3,NA,212.91,1,NA,NA,NA,1,NA,168,NA,NA,0.51,NA,NA,1.5,4,1,1,NA,NA,NA,4,0.37,1,2,4,12.5,12.5,NA,1,NA,1,9.39,2,2,1,20,2,1,1879.38,1879.38,NA,0.34
331082,Redunca arundinum,Redunca_arundinum,Artiodactyla,Bovidae,Redunca,arundinum,0,2,58059.24,NA,1505,NA,NA,NA,NA,2,NA,220.52,1,NA,NA,273.75,0.98,NA,201,4500,NA,0.65,NA,NA,1.75,4,1,1,NA,NA,NA,4,2.32,2,1,1,48,24,1,0.98,376,1,58,2,2,1,20,2,1,11611.848,11611.848,NA,0.28
331083,Redunca fulvorufula,Redunca_fulvorufula,Artiodactyla,Bovidae,Redunca,fulvorufula,0,2,29352.66,NA,1230,NA,NA,NA,NA,1,NA,222.99,1,0.07,NA,352.83,NA,NA,147.96,2719.09,575,7.77,NA,326.81,4.75,4,1,1,82.12,8635.5,NA,4,1.16,2,2,2,12,16.5,2,1,353,2,29,2,2,1,12,2,1,5870.532,5870.532,NA,0.07
331084,Redunca redunca,Redunca_redunca,Artiodactyla,Bovidae,Redunca,redunca,0,2,43288.95,NA,1150,NA,NA,NA,NA,1,NA,228.12,1,NA,NA,NA,1,NA,216,NA,NA,1.03,NA,NA,NA,4,1,1,NA,NA,NA,NA,1.72,NA,2,3,16.5041,16.5041,NA,1,NA,1,43,2,2,1,18,2,1,8657.79,8657.79,NA,0.25
328342,Rhinoceros sondaicus,Rhinoceros_sondaicus,Perissodactyla,Rhinocerotidae,Rhinoceros,sondaicus,0,NA,1750000,NA,3099.99,NA,NA,NA,NA,2,NA,486.66,1,NA,NA,NA,1,NA,480,NA,NA,0.1,1,NA,NA,NA,1,1,509.21,NA,NA,6,35,1,2,4,120,72,3,1,NA,1,1750,2,NA,0,21,3,1,350000,350000,42,29
129475,Rhinoceros unicornis,Rhinoceros_unicornis,Perissodactyla,Rhinocerotidae,Rhinoceros,unicornis,0,2,1843655.8,NA,3743.39,NA,2618.87,NA,NA,3,1300.53,478.99,2,4.23,5.99,909.45,1.41,NA,588,61326.59,1092.5,3.33,1.75,2069.22,1,NA,1,1,339.47,NA,2303.61,NA,36.86,NA,2,4,84.0657,55.1671,NA,1.41,850,NA,1843,2,NA,0,47,1,1,368731.16,368731.16,55,4.23
308524,Rucervus eldii,Rucervus_eldii,Artiodactyla,Cervidae,Rucervus,eldii,0,2,95471.61,NA,1650,NA,958.12,NA,NA,3,NA,240.19,1,NA,NA,382.7,1.01,NA,232.8,4674.98,NA,NA,NA,531.64,NA,NA,1,1,220.26,NA,NA,4,3.8,1,1,3,NA,24,2,1.01,3827,2,95,NA,2,1,47,2,1,19094.322,19094.322,NA,9.255
999297,Rucervus schomburgki,Rucervus_schomburgki,Artiodactyla,Cervidae,Rucervus,schomburgki,0,NA,107626.42,NA,NA,NA,NA,NA,NA,2,NA,NA,NA,NA,NA,NA,NA,NA,NA,NA,NA,NA,NA,NA,NA,NA,NA,NA,NA,NA,NA,NA,4.28,NA,NA,2,NA,NA,NA,NA,NA,NA,107,NA,NA,1,NA,1,1,21525.284,21525.284,NA,NA
344582,Rupicapra pyrenaica,Rupicapra_pyrenaica,Artiodactyla,Bovidae,Rupicapra,pyrenaica,0,3,29999.99,NA,NA,NA,NA,NA,NA,3,NA,NA,NA,NA,NA,NA,NA,NA,NA,NA,NA,NA,NA,NA,NA,NA,NA,NA,NA,NA,NA,4,1.16,2,1,3,102,102,NA,NA,NA,2,29,2,2,0,NA,1,1,5999.998,5999.998,50,0.49
331073,Rupicapra rupicapra,Rupicapra_rupicapra,Artiodactyla,Bovidae,Rupicapra,rupicapra,0,3,33266.35,NA,NA,NA,1368.75,NA,NA,2,NA,178.32,1,2.65,2.49,365,1,NA,264,2250,NA,NA,NA,642.64,1,4,1,1,76.04,NA,NA,4,1,1,1,3,39,39,2,1,365,2,33.2,2,2,0,47,2,1,6653.27,6653.27,50,2.65
308507,Rusa alfredi,Rusa_alfredi,Artiodactyla,Cervidae,Rusa,alfredi,0,1,46475.04,NA,NA,NA,NA,NA,NA,3,NA,243.33,NA,NA,NA,NA,NA,NA,NA,NA,NA,NA,NA,NA,NA,NA,NA,NA,NA,NA,NA,4,1.84,2,1,3,NA,NA,2,NA,NA,2,46,NA,1,1,NA,3,1,9295.008,9295.008,NA,NA
313990,Rusa marianna,Rusa_marianna,Artiodactyla,Cervidae,Rusa,marianna,0,1,49457.61,NA,1255,NA,NA,NA,NA,3,NA,NA,NA,NA,NA,NA,NA,NA,NA,NA,NA,NA,NA,NA,NA,NA,NA,NA,NA,NA,NA,NA,1.98,NA,NA,3,NA,NA,NA,NA,NA,NA,49.4,NA,NA,1,NA,3,1,9891.522,9891.522,NA,NA
999298,Rusa timorensis,Rusa_timorensis,Artiodactyla,Cervidae,Rusa,timorensis,0,1,66375.5,NA,1634.99,NA,NA,NA,NA,2,NA,250.29,NA,NA,NA,366,1,NA,NA,NA,NA,NA,NA,666.44,NA,NA,NA,1,227.47,NA,NA,4,2.65,2,2,3,21,21,2,1,366,2,66.3,NA,1,1,NA,1,1,13275.1,13275.1,NA,NA
290025,Rusa unicolor,Rusa_unicolor,Artiodactyla,Cervidae,Rusa,unicolor,0,2,177522.9,NA,2040,NA,788.4,NA,NA,3,NA,246,NA,NA,NA,NA,1,NA,317.04,10270,NA,4.89,NA,620.76,NA,NA,NA,1,NA,NA,NA,4,7.08,1,2,3,24,24,2,1,NA,1,177,2,1,1,47,1,1,35504.58,35504.58,NA,7.55
24183214,Saiga borealis,Saiga_borealis,Artiodactyla,Bovidae,Saiga,borealis,0,NA,45000,NA,NA,NA,NA,NA,NA,3,NA,NA,NA,NA,NA,NA,NA,NA,NA,NA,NA,NA,NA,NA,NA,NA,NA,NA,NA,NA,NA,NA,1.98,NA,NA,1,NA,NA,NA,NA,NA,NA,49.5,NA,NA,1,NA,1,NA,NA,NA,NA,NA
1038782,Saiga tatarica,Saiga_tatarica,Artiodactyla,Bovidae,Saiga,tatarica,0,3,37734.01,NA,1160,NA,NA,NA,NA,2,NA,148.49,2,NA,NA,365,1.5,NA,144,3326.46,NA,0.75,517.5,332.65,27.5,NA,2,1,83.64,NA,NA,NA,1.5,2,2,2,21.9945,10.8822,NA,1.5,365,NA,37.7,NA,NA,1,12,1,1,7546.802,7546.802,80,62
7258047,Sus ahoenobarbus,Sus_ahoenobarbus,Artiodactyla,Suidae,Sus,ahoenobarbus,0,1,150000,NA,NA,NA,NA,NA,NA,6,NA,NA,NA,NA,NA,NA,NA,NA,NA,NA,NA,NA,NA,NA,NA,NA,NA,NA,NA,NA,NA,NA,6,NA,NA,3,NA,NA,NA,NA,NA,NA,150,NA,NA,0,NA,1,NA,NA,NA,NA,NA
328321,Sus barbatus,Sus_barbatus,Artiodactyla,Suidae,Sus,barbatus,0,2,135805.95,NA,1349.99,NA,NA,NA,NA,6,NA,114.63,1,NA,NA,NA,6.59,1,NA,NA,NA,NA,NA,362.5,6.25,12,1,2,105.85,NA,NA,NA,5.4,NA,2,3,NA,NA,NA,6.59,NA,NA,135,2,NA,0,12,2,1,27161.19,27161.19,NA,NA
328322,Sus bucculentus,Sus_bucculentus,Artiodactyla,Suidae,Sus,bucculentus,0,NA,200000,NA,NA,NA,NA,NA,NA,6,NA,NA,NA,NA,NA,NA,NA,NA,NA,NA,NA,NA,NA,NA,NA,NA,NA,NA,NA,NA,NA,NA,NA,NA,NA,NA,NA,NA,NA,NA,NA,NA,NA,NA,NA,0,NA,NA,1,NA,NA,NA,NA
328323,Sus cebifrons,Sus_cebifrons,Artiodactyla,Suidae,Sus,cebifrons,0,2,190792.3,NA,1349.99,NA,NA,NA,NA,6,NA,125.14,NA,NA,NA,NA,4.58,1,NA,NA,NA,NA,NA,283.18,4.5,12,NA,2,105.85,NA,NA,NA,7.6,NA,NA,2,NA,NA,NA,4.58,NA,NA,190,NA,NA,0,NA,1,1,38158.46,38158.46,NA,NA
328324,Sus celebensis,Sus_celebensis,Artiodactyla,Suidae,Sus,celebensis,0,2,53813.21,NA,NA,NA,NA,NA,NA,5,NA,126,NA,NA,NA,NA,3.24,NA,NA,NA,NA,NA,NA,NA,NA,12,NA,2,NA,NA,NA,NA,2.15,2,2,3,NA,18,2,3.24,NA,1,53.8,2,2,0,NA,1,1,10762.642,10762.642,NA,12.5
7258032,Sus oliveri,Sus_oliveri,Artiodactyla,Suidae,Sus,oliveri,0,2,75000,NA,NA,NA,NA,NA,NA,3,NA,NA,NA,NA,NA,NA,NA,NA,NA,NA,NA,NA,NA,NA,NA,NA,NA,NA,NA,NA,NA,NA,4,NA,NA,NA,NA,NA,NA,NA,NA,NA,100,NA,NA,0,NA,2,NA,NA,NA,NA,NA
328326,Sus philippensis,Sus_philippensis,Artiodactyla,Suidae,Sus,philippensis,0,2,190792.3,NA,1349.99,NA,NA,NA,NA,6,NA,125.14,NA,NA,NA,NA,6.24,1,NA,NA,NA,NA,NA,283.18,3.75,12,NA,2,105.85,NA,NA,NA,7.6,NA,NA,2,NA,NA,NA,6.24,NA,NA,190,NA,NA,0,NA,2,1,38158.46,38158.46,NA,NA
328327,Sus salvanius,Sus_salvanius,Artiodactyla,Suidae,Sus,salvanius,0,2,7974.13,NA,599.66,NA,NA,NA,NA,4,NA,110.5,1,0.15,NA,NA,3.66,NA,144,NA,NA,NA,NA,NA,5,9,1,2,NA,NA,NA,NA,0.32,NA,2,3,23.0137,23.0137,NA,3.66,NA,NA,7.9,2,NA,0,12,2,NA,1594.826,1594.826,NA,0.15
328329,Sus verrucosus,Sus_verrucosus,Artiodactyla,Suidae,Sus,verrucosus,0,2,89406.23,NA,1250,NA,NA,NA,NA,3,NA,121.66,NA,NA,NA,NA,5.47,NA,168,NA,NA,NA,NA,NA,5,12,NA,2,NA,NA,NA,NA,3.56,1,2,3,NA,9.0082,NA,5.47,NA,2,89,2,2,0,21,1,1,17881.246,17881.246,NA,NA
328711,Sylvicapra grimmia,Sylvicapra_grimmia,Artiodactyla,Bovidae,Sylvicapra,grimmia,0,2,15639.15,NA,960.71,NA,608.33,NA,NA,4,NA,174.89,1,NA,NA,234,0.98,2,171.96,1581.45,NA,2.42,NA,293.14,1,4,1,1,60.83,4955.54,NA,NA,0.6,1,2,4,8.3836,8.3836,NA,0.98,245,1,15,2,2,1,14,2,NA,3127.83,3127.83,NA,1
328707,Syncerus caffer,Syncerus_caffer,Artiodactyla,Bovidae,Syncerus,caffer,0,2,592665.98,NA,2525.86,NA,1460,NA,NA,1,NA,337.49,1,63.73,59.79,638.75,1.08,1,354,39843.11,NA,5.84,3000,1683.65,12,NA,1,1,319.37,151878.4,NA,4,11.84,2,1,1,72,54,3,1.08,635,1,592,2,1,0,29,2,1,118533.196,118533.196,57,63.73
47187256,Tapirus bairdii,Tapirus_bairdii,Perissodactyla,Tapiridae,Tapirus,bairdii,0,2,293781.59,NA,2199.99,NA,NA,NA,NA,4,NA,396.24,1,1.15,0.94,NA,1,NA,NA,NA,NA,0.34,NA,710.47,1,NA,1,1,362.93,171864.36,NA,6,5.86,1,2,4,NA,NA,1,NA,NA,1,293,NA,2,0,NA,1,NA,58756.318,58756.318,NA,1.15
49149276,Tapirus indicus,Tapirus_indicus,Perissodactyla,Tapiridae,Tapirus,indicus,0,1,311209.19,NA,2224.85,NA,NA,NA,NA,3,NA,396.5,1,9.4,8.7,657,1,0.5,360,6848.35,NA,0.11,1,1132.72,1.5,NA,1,1,211.71,NA,NA,6,6,1,2,4,36,33.6,1,NA,NA,2,311,NA,1,0,NA,1,NA,62241.838,62241.838,NA,9.4
129472,Tapirus pinchaque,Tapirus_pinchaque,Perissodactyla,Tapiridae,Tapirus,pinchaque,0,2,156923.4,NA,NA,NA,NA,NA,NA,4,NA,393.99,1,6.38,7.67,NA,1,NA,NA,4720,NA,0.27,1,1113.7,NA,NA,1,1,339.47,NA,NA,4,6.24,1,2,4,NA,NA,NA,1,NA,NA,156,2,NA,0,29,1,1,31384.68,31384.68,NA,6.38
328009,Tapirus terrestris,Tapirus_terrestris,Perissodactyla,Tapiridae,Tapirus,terrestris,0,2,169496.64,NA,2004.97,NA,NA,NA,NA,5,NA,395.41,1,NA,NA,NA,1,NA,420,4507.91,NA,0.85,NA,862.17,1,2,1,2,277.49,NA,NA,6,6.76,1,2,4,36,29.5,NA,1,NA,1,169,2,1,0,35,1,1,33899.328,33899.328,NA,NA
1038783,Taurotragus derbianus,Taurotragus_derbianus,Artiodactyla,Bovidae,Taurotragus,derbianus,0,1,646024.25,NA,2522.02,NA,NA,NA,NA,1,NA,NA,1,NA,NA,NA,NA,NA,194.04,NA,NA,0.74,50,755.15,NA,NA,1,1,NA,NA,NA,NA,25.84,1,1,3,NA,36.3945,NA,1,NA,NA,646,2,2,0,35,2,1,129204.85,129204.85,70,NA
1038784,Taurotragus oryx,Taurotragus_oryx,Artiodactyla,Bovidae,Taurotragus,oryx,0,2,562592.69,NA,2656.78,NA,958.12,36000,150000,3,NA,271,1,195.15,38.36,337,1,NA,300,30889.05,NA,1.64,500,672.49,4.05,NA,1,1,128.68,96495.55,NA,NA,22.48,1,1,1,18.7726,19.3644,NA,1,340,NA,562,2,2,0,23,2,1,112518.538,112518.538,70,195.15
357663,Tayassu pecari,Tayassu_pecari,Artiodactyla,Tayassuidae,Tayassu,pecari,0,2,31798.71,119,1110,NA,NA,NA,NA,6,NA,158,1,40.97,10.68,NA,2,NA,252,1000,368.99,1.59,102.5,684.67,NA,4,1,2,13.64,NA,NA,NA,1.24,2,2,1,18.0164,18.0164,NA,2,NA,1,31,2,NA,0,21,1,1,6359.742,6359.742,NA,40.97
1038785,Tetracerus quadricornis,Tetracerus_quadricornis,Artiodactyla,Bovidae,Tetracerus,quadricornis,0,3,19282.12,NA,1000,NA,365,NA,NA,5,NA,207.31,NA,NA,NA,316,1.65,NA,129.96,1040,NA,NA,NA,NA,NA,NA,NA,1,NA,NA,NA,6,768,1,2,4,NA,12,NA,1.65,316,2,19.2,2,1,1,10,2,1,3856.424,3856.424,NA,NA
1038786,Tragelaphus angasii,Tragelaphus_angasii,Artiodactyla,Bovidae,Tragelaphus,angasii,0,2,87616.76,NA,1935.86,NA,695.78,NA,NA,4,NA,219.99,1,1.63,NA,297,1,NA,192,5541.58,NA,126.94,NA,645.51,15.5,NA,1,1,212.91,NA,NA,NA,3.48,2,2,1,NA,14.8603,NA,1,295,1,87,2,2,1,16,2,1,17523.352,17523.352,NA,1.63
1038787,Tragelaphus buxtoni,Tragelaphus_buxtoni,Artiodactyla,Bovidae,Tragelaphus,buxtoni,0,2,215000.75,NA,2249.44,NA,NA,NA,NA,1,NA,NA,1,NA,NA,NA,1,NA,132,NA,NA,80.5,9,755.15,15,NA,1,1,NA,NA,NA,4,8.6,2,1,3,21,21,2,1,NA,2,215,NA,2,1,16,1,1,43000.15,43000.15,72,12.5
1038788,Tragelaphus eurycerus,Tragelaphus_eurycerus,Artiodactyla,Bovidae,Tragelaphus,eurycerus,0,2,270998.37,NA,2274.99,NA,NA,NA,NA,4,NA,284.99,1,NA,NA,NA,1,NA,233,19944.92,NA,0.4,NA,887.46,13.5,NA,1,1,NA,NA,NA,NA,5.4,1,2,1,30.0493,26.4986,NA,1,NA,NA,270,2,1,0,19,1,1,54199.674,54199.674,70,34
1038789,Tragelaphus imberbis,Tragelaphus_imberbis,Artiodactyla,Bovidae,Tragelaphus,imberbis,0,2,94320.39,NA,1675,NA,1115.07,NA,NA,3,NA,222,1,NA,NA,258.54,1,NA,227,5891.21,NA,0.35,NA,666.44,3,NA,1,1,NA,NA,NA,NA,3.76,1,2,3,16.5698,16.5698,NA,1,259,NA,94,2,2,1,19,1,1,18864.078,18864.078,70,3.55
1038790,Tragelaphus scriptus,Tragelaphus_scriptus,Artiodactyla,Bovidae,Tragelaphus,scriptus,0,2,43250.39,NA,1247.1,NA,644.15,NA,NA,4,NA,182.5,2,0.02,0.02,235.72,1,NA,156,3027.79,NA,1.52,NA,431.61,1,NA,1,1,NA,NA,NA,NA,1.72,1,2,3,NA,16.3068,NA,1,236,NA,43,2,2,1,12,1,1,8650.078,8650.078,NA,0.02
1038791,Tragelaphus spekii,Tragelaphus_spekii,Artiodactyla,Bovidae,Tragelaphus,spekii,0,2,75554.25,NA,1520.84,NA,608.33,NA,NA,2,NA,241.15,2,NA,NA,352.83,1,NA,258,4000,NA,1.66,NA,619.06,6,NA,1,1,NA,NA,NA,NA,3,2,2,3,NA,13.1835,NA,1,353,1,75,2,1,1,21,2,1,15110.85,15110.85,NA,NA
1038792,Tragelaphus strepsiceros,Tragelaphus_strepsiceros,Artiodactyla,Bovidae,Tragelaphus,strepsiceros,0,3,206056.41,NA,2199.99,NA,912.5,NA,NA,2,NA,220.94,1,835.1,783.47,365,1,NA,276,15366.57,NA,1.06,NA,665.38,12,NA,1,1,182.5,NA,NA,NA,8,1,2,3,NA,16.9972,NA,1,365,NA,206,2,2,1,22,2,1,41211.282,41211.282,NA,835.1
328340,Tragulus napu,Tragulus_napu,Artiodactyla,Tragulidae,Tragulus,napu,0,1,5273.67,NA,562.36,NA,250.93,NA,NA,3,NA,154.24,NA,NA,NA,152.08,0.96,1,195.96,372.99,NA,NA,NA,156.25,NA,4,NA,1,84.86,NA,NA,NA,0,1,2,4,4.5,4.5,NA,0.96,152,1,5.27,2,1,0,16,2,1,1054.734,1054.734,NA,0.13
4445338,Tragulus nigricans,Tragulus_nigricans,Artiodactyla,Tragulidae,Tragulus,nigricans,0,1,800,NA,NA,NA,NA,NA,NA,2,NA,NA,NA,NA,NA,NA,NA,NA,NA,NA,NA,NA,NA,NA,NA,NA,NA,NA,NA,NA,NA,NA,212,NA,NA,4,NA,NA,NA,NA,NA,NA,5.3,2,NA,0,NA,2,1,NA,NA,NA,NA
7260319,Tragulus versicolor,Tragulus_versicolor,Artiodactyla,Tragulidae,Tragulus,versicolor,0,3,1700,NA,NA,NA,NA,NA,NA,NA,NA,NA,NA,NA,NA,NA,NA,NA,NA,NA,NA,NA,NA,NA,NA,NA,NA,NA,NA,NA,NA,NA,68,NA,NA,4,NA,NA,NA,NA,NA,NA,1.7,2,NA,0,NA,2,NA,NA,NA,NA,NA
4445340,Tragulus williamsoni,Tragulus_williamsoni,Artiodactyla,Tragulidae,Tragulus,williamsoni,0,NA,4000,NA,NA,NA,NA,NA,NA,NA,NA,NA,NA,NA,NA,NA,NA,NA,NA,NA,NA,NA,NA,NA,NA,NA,NA,NA,NA,NA,NA,NA,174,NA,NA,4,NA,NA,NA,NA,NA,NA,4.35,2,NA,0,NA,2,NA,NA,NA,NA,NA
